Ticker,ADANIENT,ADANIPORTS,APOLLOHOSP,ASIANPAINT,AXISBANK,BAJAJ-AUTO,BAJAJFINSV,BAJFINANCE,BEL,BHARTIARTL,BPCL,BRITANNIA,CIPLA,COALINDIA,DRREDDY,EICHERMOT,GRASIM,HCLTECH,HDFCBANK,HDFCLIFE,HEROMOTOCO,HINDALCO,HINDUNILVR,ICICIBANK,INDUSINDBK,INFY,ITC,JSWSTEEL,KOTAKBANK,LT,M&M,MARUTI,NESTLEIND,NTPC,ONGC,POWERGRID,RELIANCE,SBILIFE,SBIN,SHRIRAMFIN,SUNPHARMA,TATACONSUM,TATAMOTORS,TATASTEEL,TCS,TECHM,TITAN,TRENT,ULTRACEMCO,WIPRO
ADANIENT,1.0,0.6520259681852214,0.3736477792323044,-0.4075329625168037,0.2536892970689197,0.5022912292506546,-0.2317576169854083,-0.34129454658306413,0.37396774515179304,0.3399063746894222,0.6284179312328528,0.23120883332508146,0.5730435710448807,0.6546989460521746,0.43671723010344465,0.24997526240533666,0.31899303925198863,0.36303489326099164,-0.056412172111443885,-0.27428438232215746,0.5043770889062527,0.32480311819045293,-0.1479109200036574,0.2914720242630611,0.12927410700105457,0.1876320321415839,-0.1791715255064412,0.25067336797148376,0.09990944446971602,0.5015042880620968,0.3520961124668264,0.5869978429347055,0.516876345628003,0.3946080756224177,0.665842683554168,0.49552934323391196,0.8147589414594129,0.2228591915122941,0.52919593206044,0.3010451882108487,0.4069162603004577,0.7302342741062271,0.7389794668902635,0.6174549198554489,0.3539301152755678,0.16529568768083464,0.3487826835151986,0.3326260836183922,0.2632761150596293,0.3726865029119107
ADANIPORTS,0.6520259681852214,1.0,0.705341229338962,-0.3136498090861075,0.7394666424556899,0.9315552423938043,0.04709194676154974,-0.3295096208307614,0.8974862176605473,0.8796906520451506,0.9198096319553966,0.7286964743054374,0.9111221577708807,0.9585878223338717,0.8038788001152161,0.8157508243356419,0.885153268912843,0.5213260018481041,0.36983459856224715,0.21528737942090415,0.8911273835737772,0.795789977799861,0.2485493231119303,0.86194599787567,-0.3980716231944547,0.5517263170576747,0.30259325377509566,0.7906355803812408,0.10848533073485868,0.6690916253301733,0.8876726205724587,0.8857626140387925,0.3871590349354422,0.9135665638454971,0.9291828607336261,0.9420536088603725,0.7920928828298599,0.7154518522375081,0.915735842819481,0.8257192377328877,0.8350721115733877,0.6361095358760265,0.8499729054321092,0.8489281618675182,0.6531185663705347,0.698463340282176,0.006259709012146756,0.8732682617524898,0.7522312939864875,0.6712923800777447
APOLLOHOSP,0.3736477792323044,0.705341229338962,1.0,-0.08821755583805088,0.4893664152682966,0.7658123816796606,0.30436163477550177,-0.31435049042395746,0.6608347113909022,0.7309886429590698,0.7504360743949616,0.6422115714217059,0.8110332292061458,0.6759076036709909,0.8670820666294737,0.5809870837454705,0.7436827688665276,0.8769604185741368,0.41104219069246417,0.5102017605402757,0.6480488352308198,0.5511519208892406,0.3191576529185774,0.7534974238964031,-0.4517643300957874,0.8608406051715503,0.5593085505849346,0.6396916389460886,0.18808790916231355,0.47500958146009475,0.6870291869869607,0.5088835973196183,0.2044866995543788,0.7817652452161425,0.7211741666609454,0.737188075892799,0.490760995804923,0.8546878110818547,0.6559374666038386,0.8400196513065529,0.9023477145387231,0.49137723952860113,0.5104724124121129,0.4045480214405315,0.8379137871732766,0.825433599954149,0.15476180364810926,0.8033976012903096,0.7390259970030472,0.8638831777439039
ASIANPAINT,-0.4075329625168037,-0.3136498090861075,-0.08821755583805088,1.0,-0.0021769710823240445,-0.3868445191959016,0.4827306924054355,0.5614784117412357,-0.23297437665163276,-0.2376511303244212,-0.4432520486261928,0.17626896938646094,-0.32507380818151277,-0.31833187683311137,-0.09085835834669062,-0.18164427966600244,-0.15036720345915108,-0.03149807990972222,0.3828576148303594,0.5293611575830165,-0.14416637456740689,-0.16779280402511318,0.6712215442075533,-0.2046125334819611,0.0033510954434284976,0.14130693737240738,0.5185370093248508,-0.08683276595708463,0.4742876412319746,-0.2336704280134384,-0.2349555768988144,-0.38225877284131643,-0.026124115880228123,-0.19060542907937053,-0.39367485094677895,-0.3329661773027918,-0.39956759734125935,0.10911890438890152,-0.4905340173559037,-0.0579230058986284,-0.24376081299075247,-0.14735530289330986,-0.426867762642015,-0.5067335098129139,-0.05898595776745774,0.08761070003481371,0.20010849436755487,-0.18590591536429094,0.09088445367860461,-0.11152644463616235
AXISBANK,0.2536892970689197,0.7394666424556899,0.4893664152682966,-0.0021769710823240445,1.0,0.740516875999936,0.2553765096027385,-0.11600112002111447,0.8676450459257999,0.8372554546028799,0.6148569698753135,0.827092648915,0.6889233068125764,0.707213914154821,0.589192676849764,0.8870725199414168,0.849590150064193,0.3340641975030374,0.7159038112780582,0.41312349928811454,0.8196969083827738,0.868742129574915,0.5122515726873856,0.830957069385345,-0.43169736335486,0.5433689416063702,0.5715515258850704,0.874051064247948,0.24349256173458558,0.509821860001796,0.8708667940246979,0.6075656379614298,0.2414154296008321,0.8085420311869546,0.5963274458534157,0.8090387468829755,0.3716843192741173,0.6236015396597051,0.7292166947267931,0.783349463814559,0.610946213828802,0.30426513797753235,0.4461083663792914,0.6036880746930169,0.45456878361529435,0.765675430149529,-0.13933347315738814,0.8179466959497721,0.8224956288456704,0.5384260077884682
BAJAJ-AUTO,0.5022912292506546,0.9315552423938043,0.7658123816796606,-0.3868445191959016,0.740516875999936,1.0,0.08619787673349458,-0.38345463292546095,0.92468039829174,0.9467434916754779,0.9202108166773583,0.6992181507464751,0.9247038349991504,0.9021690213648206,0.7913015247547175,0.8707954426784781,0.9208997551463628,0.5615332511474486,0.4039152293163899,0.29137199442355344,0.8589083475437155,0.8304401034374186,0.20155626186785128,0.9268241140674952,-0.48122710196083124,0.5842575236569711,0.34247015182149365,0.8420232177996242,0.035021330844281,0.6312403611200722,0.9390056662266714,0.8687198672819503,0.28744333533600797,0.9338617443856189,0.8868154029861133,0.9616473834161466,0.6702343661975102,0.7238307306141495,0.9549590261884798,0.8671932346317736,0.9108750279874641,0.5099927307381329,0.7704095650027342,0.8285776425480085,0.6693035098854433,0.7469286923848006,-0.08171472016160243,0.947151462188212,0.7541710375143533,0.7006442768546667
BAJAJFINSV,-0.2317576169854083,0.04709194676154974,0.30436163477550177,0.4827306924054355,0.2553765096027385,0.08619787673349458,1.0,0.4176153781540727,0.12257345654902708,0.15296632570227792,-0.007662313289945998,0.3336984213017404,0.06740846249541897,-0.02571532964154538,0.21531385676171824,0.17343474472116036,0.21925973376659116,0.3079172572103823,0.592310823236534,0.6743610502047375,0.03664416480416548,0.21776024025087076,0.4833188937533167,0.23490247533208863,-0.06538118401012151,0.34197147340737516,0.6088272998012397,0.32852593292941057,0.5185512531944848,0.11396579757792835,0.1382162382903762,-0.029358075024698692,0.050617645927670464,0.227735864679475,-0.019861103434970787,0.050037904867410804,-0.24697261775677842,0.41054540973438686,-0.04137148770847312,0.2990796833520857,0.2232941068024724,-0.11671447490085468,-0.1837679956450631,-0.07926571390820314,0.19240642581950532,0.32435380503755745,0.3086755457114096,0.20222836207094247,0.2916613394119264,0.21660977606605347
BAJFINANCE,-0.34129454658306413,-0.3295096208307614,-0.31435049042395746,0.5614784117412357,-0.11600112002111447,-0.38345463292546095,0.4176153781540727,1.0,-0.24813711727796095,-0.2870069509290447,-0.5412053217231183,-0.06668432688278388,-0.4263530506697061,-0.3999814662823629,-0.34435654263863047,-0.2124526516873057,-0.2316200593294687,-0.3319840956543375,0.2395751153172381,0.1294463770061114,-0.24884647265720472,-0.14869867909021056,0.3159359686749965,-0.2663359138110872,0.2782111981489202,-0.2799807906211302,0.09145810731016153,-0.08141492503592344,0.3934907931241933,-0.10737849786283282,-0.27098775396128355,-0.2881339625929071,0.05383444097379278,-0.3044713688807688,-0.4622177978303082,-0.41035039874680224,-0.3945963490661888,-0.20943502264473518,-0.4901798690399841,-0.17496675201928386,-0.43204097635738437,-0.29960542586525335,-0.40496538372486673,-0.282660999460125,-0.41761437198005463,-0.1693954986666566,0.12984349382113058,-0.30900353137995895,-0.07086801912203818,-0.3156625769365436
BEL,0.37396774515179304,0.8974862176605473,0.6608347113909022,-0.23297437665163276,0.8676450459257999,0.92468039829174,0.12257345654902708,-0.24813711727796095,1.0,0.9742128297563388,0.7978972030692933,0.802181422524232,0.8473543784492434,0.8519858013373874,0.7005072005606742,0.9582125800716231,0.9573522209453251,0.4221422168376636,0.559192288560225,0.37234818004210846,0.887339778278679,0.9153963642397853,0.37365874948400424,0.9401971231938432,-0.569956530127423,0.5738022327460623,0.4720472449124192,0.9289667463165534,0.10607695254730988,0.6230696999056216,0.9877451267303049,0.7893519786423464,0.17648078520550148,0.947023168438162,0.777785984957073,0.9496792476939758,0.5284949796655275,0.7086257244137947,0.8932419324163913,0.8904280096744905,0.8024626888609876,0.3861878523697118,0.6236396970743807,0.7667306906718152,0.5671453729390928,0.8141311725183764,-0.237495002462102,0.9448210437802579,0.8496982008627371,0.6147110906537863
BHARTIARTL,0.3399063746894222,0.8796906520451506,0.7309886429590698,-0.2376511303244212,0.8372554546028799,0.9467434916754779,0.15296632570227792,-0.2870069509290447,0.9742128297563388,1.0,0.8191401661857319,0.8094885260760566,0.8679333428711062,0.8434285840262155,0.7524646824709328,0.9466765349647907,0.9720525633802634,0.5122352094265656,0.5468840376126524,0.42150665007607396,0.8857278237854361,0.9072834673650337,0.370422199131396,0.9677906045459004,-0.6012125774876127,0.6466944183702941,0.5155135790514351,0.9197240696595458,0.1218173045998236,0.6086515908655923,0.9792899409526373,0.7831300666185541,0.17459833994495563,0.9511388329456802,0.7980934580529413,0.9536508865860109,0.521985600404785,0.7521464280020331,0.8907809524878592,0.9148180081507877,0.8631808194596111,0.4040857641480376,0.6275646386976806,0.7402960321060518,0.633881706633446,0.8558106614741492,-0.19534912593135367,0.9721649822778154,0.8542273897452725,0.6716672102608661
BPCL,0.6284179312328528,0.9198096319553966,0.7504360743949616,-0.4432520486261928,0.6148569698753135,0.9202108166773583,-0.007662313289945998,-0.5412053217231183,0.7978972030692933,0.8191401661857319,1.0,0.5770467991912379,0.9136093266089806,0.941052112100109,0.8140432286353815,0.7310560094126768,0.806780189577146,0.6066756699494239,0.19137933715748812,0.1515100024537254,0.7963828534404521,0.6935355296286675,0.045994327651482064,0.8102560997106127,-0.4016689131107594,0.5700543344325274,0.2092372049191411,0.684908933595204,-0.07137969315501082,0.5608900740733028,0.8125316280834902,0.8490295344308217,0.30871585377310456,0.8742078355638035,0.9626371380020343,0.9221422603867601,0.783573948142616,0.6848549001762858,0.9370959460808662,0.7465258134845673,0.8934745186116149,0.6253312642083014,0.8532932134662584,0.8050096605876494,0.7410345300609361,0.6288483425079957,0.05020960684162246,0.8502414500343245,0.6154853235675891,0.7079520557543946
BRITANNIA,0.23120883332508146,0.7286964743054374,0.6422115714217059,0.17626896938646094,0.827092648915,0.6992181507464751,0.3336984213017404,-0.06668432688278388,0.802181422524232,0.8094885260760566,0.5770467991912379,1.0,0.7063571612213215,0.6952959157826477,0.7254443589255821,0.7793680091312436,0.8438328852606511,0.520295578054397,0.7055436805096623,0.5691904392632553,0.8399870609113493,0.808159835334057,0.7476396342685001,0.793299184980396,-0.535606615526001,0.7345440903333904,0.7529813383081029,0.7984665852639163,0.3992529876644388,0.46905694504786094,0.8097907539937036,0.538129957171848,0.25970103569237785,0.8041412230592054,0.5909167311194382,0.7516250894435417,0.36218170821544027,0.7881607441050512,0.5978418483787644,0.8332762912031318,0.6737852804596237,0.423559318788186,0.4294905337696596,0.47564939868835654,0.5978760695474834,0.8734739331453949,-0.08790384329482007,0.8030731004467685,0.9128725032708415,0.6391872270634242
CIPLA,0.5730435710448807,0.9111221577708807,0.8110332292061458,-0.32507380818151277,0.6889233068125764,0.9247038349991504,0.06740846249541897,-0.4263530506697061,0.8473543784492434,0.8679333428711062,0.9136093266089806,0.7063571612213215,1.0,0.8837393180917037,0.8571412232135655,0.7427249735752115,0.8541639243080653,0.6908811331157885,0.36886755076703476,0.3123643673179637,0.8627364153822435,0.7111894860797483,0.2319868917714372,0.8608819210833526,-0.43115566552871065,0.6928080374305088,0.36441019705865174,0.7559351169035018,0.01923006157606694,0.6339411485144729,0.868459840023307,0.7581915475913206,0.3298181577782565,0.877470557669698,0.8626055869829726,0.917265272639237,0.6831110201489982,0.7759974528639431,0.8795805944003436,0.8438517599785174,0.9114746797042735,0.5861272605725113,0.7448102744749757,0.7039356823851101,0.7708491654709895,0.7722063910838279,0.026869926841822326,0.8985420491814338,0.7733256165786805,0.8078141763773969
COALINDIA,0.6546989460521746,0.9585878223338717,0.6759076036709909,-0.31833187683311137,0.707213914154821,0.9021690213648206,-0.02571532964154538,-0.3999814662823629,0.8519858013373874,0.8434285840262155,0.941052112100109,0.6952959157826477,0.8837393180917037,1.0,0.7917083260411159,0.7930842771676332,0.8443820921021188,0.4918628270849273,0.2729259956593401,0.14297772189411126,0.9023684022543899,0.7778262621115171,0.21310608392708089,0.8135430337946286,-0.4027429406795441,0.528280415906009,0.2482261988153521,0.7375820976784035,0.06738246180602062,0.5764932065946778,0.8495935167798493,0.8936084258395427,0.35195601152952743,0.885375125428205,0.9553382986748186,0.9337120472512326,0.8179995648744383,0.6641281526810745,0.9074721624513967,0.7663629188938944,0.8089549871041828,0.6676838772412655,0.8811091257246746,0.8528514455512112,0.6583774403344879,0.652011584790549,0.008094210865279162,0.8428500405699885,0.6948337366245909,0.6364379917013334
DRREDDY,0.43671723010344465,0.8038788001152161,0.8670820666294737,-0.09085835834669062,0.589192676849764,0.7913015247547175,0.21531385676171824,-0.34435654263863047,0.7005072005606742,0.7524646824709328,0.8140432286353815,0.7254443589255821,0.8571412232135655,0.7917083260411159,1.0,0.6148712852443597,0.8141506647265602,0.7960452138099183,0.4176976314524841,0.46855793464481144,0.7307039068433947,0.5779925100909294,0.4173242948161168,0.8099468503815154,-0.46684754685095614,0.8201754619244745,0.523617907407768,0.6471391707903668,0.20654764561671707,0.5199505985168086,0.7259256130588221,0.6358917572492597,0.3665874505031875,0.8240611614480308,0.8228323595520731,0.8004809353269668,0.6137767509520679,0.9013874175025113,0.7290784592624371,0.8476647763242778,0.8904497600037597,0.6095893781465274,0.6855306300820797,0.5388054373680335,0.8919428297157433,0.7995842675303079,0.11415157803321813,0.8196528483142491,0.7726500103268846,0.8710740882485014
EICHERMOT,0.24997526240533666,0.8157508243356419,0.5809870837454705,-0.18164427966600244,0.8870725199414168,0.8707954426784781,0.17343474472116036,-0.2124526516873057,0.9582125800716231,0.9466765349647907,0.7310560094126768,0.7793680091312436,0.7427249735752115,0.7930842771676332,0.6148712852443597,1.0,0.9289606387531536,0.3150911920391281,0.5893660004249106,0.37907397632947065,0.8391883837902526,0.9406416038717,0.38359808093186165,0.9088046332829389,-0.5744543370960927,0.5043397488434682,0.4865082074971706,0.9336055362837978,0.1361982063649866,0.5238524733328261,0.9556897736724375,0.7624926691748872,0.12101327605616485,0.9032476546682092,0.7166976103632703,0.9050852319558135,0.4400122474434718,0.6378486374017035,0.8523525091386658,0.8339794340215917,0.7312194796969146,0.2897335926396519,0.5557503691518229,0.7438037477575522,0.48091373447327446,0.7704960408681416,-0.26749049490861443,0.9079335708454047,0.8000991447869895,0.5079291250948931
GRASIM,0.31899303925198863,0.885153268912843,0.7436827688665276,-0.15036720345915108,0.849590150064193,0.9208997551463628,0.21925973376659116,-0.2316200593294687,0.9573522209453251,0.9720525633802634,0.806780189577146,0.8438328852606511,0.8541639243080653,0.8443820921021188,0.8141506647265602,0.9289606387531536,1.0,0.5345146777372428,0.5980050859212211,0.47660122915234343,0.8831062150999461,0.891325510572875,0.45154326557181057,0.9824775797449167,-0.6150069343698844,0.6835934416082332,0.563124265480333,0.926883515237493,0.19276398267906725,0.5892439600603234,0.966853137263671,0.7696507196974599,0.22868685298362748,0.9612387772035148,0.8032623043207096,0.9483687832704044,0.5171059123552009,0.8137927986641684,0.8719854924765497,0.9422578560020819,0.8659988752793667,0.41087026641397856,0.6306632025923631,0.7271868938380838,0.6744857568136864,0.8803705139423769,-0.17549529197517305,0.9664363943703985,0.8912372228137858,0.7198040850813757
HCLTECH,0.36303489326099164,0.5213260018481041,0.8769604185741368,-0.03149807990972222,0.3340641975030374,0.5615332511474486,0.3079172572103823,-0.3319840956543375,0.4221422168376636,0.5122352094265656,0.6066756699494239,0.520295578054397,0.6908811331157885,0.4918628270849273,0.7960452138099183,0.3150911920391281,0.5345146777372428,1.0,0.356109023128185,0.469311220462869,0.46804047220760125,0.33723091424492013,0.28954127936754526,0.5675738963252553,-0.271646969627154,0.9001883659718214,0.5453511593466828,0.4216335717754453,0.2453974279194216,0.47040134063919176,0.4617711285926239,0.28495225060218365,0.3304008686226844,0.5706414674139406,0.5722841085283078,0.532846268385161,0.42016318916730216,0.787655029570695,0.4574622885246858,0.6598616305229003,0.779989710718278,0.5564373653622928,0.40046305699395146,0.19172533064786582,0.870695721704791,0.7170739549197197,0.3787177710374407,0.6138019208836633,0.6051443816304757,0.8925685861458652
HDFCBANK,-0.056412172111443885,0.36983459856224715,0.41104219069246417,0.3828576148303594,0.7159038112780582,0.4039152293163899,0.592310823236534,0.2395751153172381,0.559192288560225,0.5468840376126524,0.19137933715748812,0.7055436805096623,0.36886755076703476,0.2729259956593401,0.4176976314524841,0.5893660004249106,0.5980050859212211,0.356109023128185,1.0,0.699637077736917,0.4712124295679053,0.598782796897815,0.7185554232079507,0.5858356168831724,-0.30091205548464983,0.5537270341543098,0.7481670065253471,0.7065595202157966,0.5677965014654118,0.32015027963676823,0.5744734189961542,0.17043938960631222,0.18260946244715648,0.5212467334844303,0.1732850395618795,0.4328667636182735,-0.06400820265830753,0.5797959096375696,0.29454662251595637,0.6661483974968668,0.394833398975823,0.008771135877860664,0.001101825441619213,0.1498353824433047,0.33190905695638273,0.6919561429532974,-0.02567307653593652,0.5663482735048843,0.7585769143335784,0.4506227561202108
HDFCLIFE,-0.27428438232215746,0.21528737942090415,0.5102017605402757,0.5293611575830165,0.41312349928811454,0.29137199442355344,0.6743610502047375,0.1294463770061114,0.37234818004210846,0.42150665007607396,0.1515100024537254,0.5691904392632553,0.3123643673179637,0.14297772189411126,0.46855793464481144,0.37907397632947065,0.47660122915234343,0.469311220462869,0.699637077736917,1.0,0.2839626515253288,0.29862343033250033,0.7287006179977383,0.4829785744771218,-0.46744674837270034,0.6376882768732591,0.8501343909332569,0.4712843760660865,0.3870641489438476,0.1626848313502765,0.39675050764898534,0.06444726288891191,-0.08876443304739437,0.45743285873272577,0.11563474127678874,0.28262474156605855,-0.20042232756709114,0.7257555284741469,0.14244515479456615,0.5644987665107835,0.49357117044243703,-0.06792545231217192,-0.09349509957863175,-0.06908513657668149,0.494295482501372,0.6508170390130684,-0.006537542882364225,0.48214647771594077,0.5788643875936113,0.4279959184582534
HEROMOTOCO,0.5043770889062527,0.8911273835737772,0.6480488352308198,-0.14416637456740689,0.8196969083827738,0.8589083475437155,0.03664416480416548,-0.24884647265720472,0.887339778278679,0.8857278237854361,0.7963828534404521,0.8399870609113493,0.8627364153822435,0.9023684022543899,0.7307039068433947,0.8391883837902526,0.8831062150999461,0.46804047220760125,0.4712124295679053,0.2839626515253288,1.0,0.8421031263241697,0.4302237745685296,0.849761329487304,-0.4874223268040698,0.6130363422275799,0.40743430624295957,0.8138899224633426,0.17267327182869957,0.5214250637910491,0.9020310518731083,0.7639681220072811,0.29444152704593834,0.8562619944143244,0.7900026475012498,0.9105017753462208,0.6414364499959511,0.6803687682575279,0.8106846976019833,0.8251980655563109,0.7456689591502961,0.5433747700509339,0.6928794767439516,0.7238256850422379,0.614940299045639,0.7890626455449453,-0.11131944746369778,0.8707143075662435,0.8413790395382581,0.6608030728140246
HINDALCO,0.32480311819045293,0.795789977799861,0.5511519208892406,-0.16779280402511318,0.868742129574915,0.8304401034374186,0.21776024025087076,-0.14869867909021056,0.9153963642397853,0.9072834673650337,0.6935355296286675,0.808159835334057,0.7111894860797483,0.7778262621115171,0.5779925100909294,0.9406416038717,0.891325510572875,0.33723091424492013,0.598782796897815,0.29862343033250033,0.8421031263241697,1.0,0.39526255794561904,0.8600549408679319,-0.4765028334934929,0.49800806766632044,0.480478459530482,0.9309230296512442,0.2374134337661806,0.5541481821507612,0.9085472854427121,0.7254639671568459,0.1962004880848146,0.8595537607185239,0.6921895366472965,0.8639941274215622,0.4501691515285533,0.5683120954802198,0.7915579215492612,0.7970896966826425,0.6758083564837545,0.3474447732298853,0.537234918588834,0.7447404776932941,0.4263067662368691,0.7494591642622056,-0.16648756178516147,0.857417562390874,0.8002210758427991,0.5029789676055764
HINDUNILVR,-0.1479109200036574,0.2485493231119303,0.3191576529185774,0.6712215442075533,0.5122515726873856,0.20155626186785128,0.4833188937533167,0.3159359686749965,0.37365874948400424,0.370422199131396,0.045994327651482064,0.7476396342685001,0.2319868917714372,0.21310608392708089,0.4173242948161168,0.38359808093186165,0.45154326557181057,0.28954127936754526,0.7185554232079507,0.7287006179977383,0.4302237745685296,0.39526255794561904,1.0,0.38724016048519505,-0.3793425501563069,0.5481824141587004,0.8233099106685505,0.44417593718470144,0.5555919227630799,0.16296362155622562,0.38184749965442283,0.10793218888792022,0.14213941689066148,0.3817788325126043,0.09434372310954543,0.2577269420837976,-0.06304102718054391,0.593694600222503,0.06421714388333885,0.4983285517968531,0.26360188401581147,0.1468521473385752,-0.009066314034427888,-0.008221231637531393,0.3417526294625626,0.6094512534821724,-0.029849434396777792,0.38261246617217876,0.6591622026602069,0.3242221221692208
ICICIBANK,0.2914720242630611,0.86194599787567,0.7534974238964031,-0.2046125334819611,0.830957069385345,0.9268241140674952,0.23490247533208863,-0.2663359138110872,0.9401971231938432,0.9677906045459004,0.8102560997106127,0.793299184980396,0.8608819210833526,0.8135430337946286,0.8099468503815154,0.9088046332829389,0.9824775797449167,0.5675738963252553,0.5858356168831724,0.4829785744771218,0.849761329487304,0.8600549408679319,0.38724016048519505,1.0,-0.6048018267218118,0.6943727356510441,0.5443015804288511,0.9142028202037865,0.157584545139256,0.5941047597971146,0.9582596295217041,0.7489670312511055,0.20756323195761753,0.949053181740202,0.7885331329525748,0.9394172583658497,0.48620781112474304,0.8133416349839829,0.8778799974089988,0.9360771705612534,0.8864048452520363,0.3763848322794023,0.6044163645393011,0.709480577636457,0.696704769470642,0.8736170870905496,-0.17788933350721017,0.9705917319797539,0.8585446504510379,0.7495825007121393
INDUSINDBK,0.12927410700105457,-0.3980716231944547,-0.4517643300957874,0.0033510954434284976,-0.43169736335486,-0.48122710196083124,-0.06538118401012151,0.2782111981489202,-0.569956530127423,-0.6012125774876127,-0.4016689131107594,-0.535606615526001,-0.43115566552871065,-0.4027429406795441,-0.46684754685095614,-0.5744543370960927,-0.6150069343698844,-0.271646969627154,-0.30091205548464983,-0.46744674837270034,-0.4874223268040698,-0.4765028334934929,-0.3793425501563069,-0.6048018267218118,1.0,-0.5031972342071109,-0.5024837450435111,-0.5156047807470253,0.12700075577521452,-0.044319568138158454,-0.5863380584880623,-0.3238769857518842,0.28733722567857395,-0.5794258994019982,-0.3576681168446512,-0.5361950660426412,-0.01940715018540737,-0.5647319899280407,-0.46346458659427275,-0.5475493843692579,-0.5486560933700488,0.004056718906269263,-0.1464127952638088,-0.24928515353797065,-0.472306589589835,-0.622994120035209,0.5310883469843174,-0.6210557557371823,-0.5164922123303116,-0.3979740555918016
INFY,0.1876320321415839,0.5517263170576747,0.8608406051715503,0.14130693737240738,0.5433689416063702,0.5842575236569711,0.34197147340737516,-0.2799807906211302,0.5738022327460623,0.6466944183702941,0.5700543344325274,0.7345440903333904,0.6928080374305088,0.528280415906009,0.8201754619244745,0.5043397488434682,0.6835934416082332,0.9001883659718214,0.5537270341543098,0.6376882768732591,0.6130363422275799,0.49800806766632044,0.5481824141587004,0.6943727356510441,-0.5031972342071109,1.0,0.7629113885819528,0.5784343391509978,0.3035203420506886,0.39507410117285113,0.6098824945274207,0.2765478263686861,0.17604470534928449,0.6832876491451231,0.541066693049128,0.6269989047381261,0.2998687258825475,0.8792097450699582,0.4732150003522601,0.7907425110427723,0.7780588032572241,0.4475845543154044,0.3056531668816134,0.1710654373707584,0.8773653905674312,0.8999163308492407,0.12477326214999014,0.7243957331439768,0.7954169631744704,0.8772769281153162
ITC,-0.1791715255064412,0.30259325377509566,0.5593085505849346,0.5185370093248508,0.5715515258850704,0.34247015182149365,0.6088272998012397,0.09145810731016153,0.4720472449124192,0.5155135790514351,0.2092372049191411,0.7529813383081029,0.36441019705865174,0.2482261988153521,0.523617907407768,0.4865082074971706,0.563124265480333,0.5453511593466828,0.7481670065253471,0.8501343909332569,0.40743430624295957,0.480478459530482,0.8233099106685505,0.5443015804288511,-0.5024837450435111,0.7629113885819528,1.0,0.5519229062802149,0.4764037598671347,0.2878042603928931,0.479759352366118,0.12313602932795348,0.050083205455912765,0.5377124704362296,0.21275042395787652,0.3824658454343216,-0.07709615500756216,0.7395610002285821,0.21052507700942227,0.6306629237045474,0.5035798420162758,0.15354970412806954,-0.018842321107536388,0.0004882307566774713,0.5316972238139984,0.7730896878477762,0.036155742643241076,0.5452736519403619,0.7042690109161737,0.4904576603416153
JSWSTEEL,0.25067336797148376,0.7906355803812408,0.6396916389460886,-0.08683276595708463,0.874051064247948,0.8420232177996242,0.32852593292941057,-0.08141492503592344,0.9289667463165534,0.9197240696595458,0.684908933595204,0.7984665852639163,0.7559351169035018,0.7375820976784035,0.6471391707903668,0.9336055362837978,0.926883515237493,0.4216335717754453,0.7065595202157966,0.4712843760660865,0.8138899224633426,0.9309230296512442,0.44417593718470144,0.9142028202037865,-0.5156047807470253,0.5784343391509978,0.5519229062802149,1.0,0.24390708555978108,0.559531744321331,0.9326374749161938,0.6728819631198685,0.17592388580285084,0.8933708131226026,0.6640073458345324,0.8655758622405136,0.3677782581382012,0.6823597089621402,0.7886866412413939,0.8824257493362533,0.7458153586827944,0.2462177407575138,0.4707902105492757,0.6711768691825238,0.5078443244102797,0.826695522670487,-0.17176686841503874,0.9077375955888831,0.866647723940771,0.6127070948631255
KOTAKBANK,0.09990944446971602,0.10848533073485868,0.18808790916231355,0.4742876412319746,0.24349256173458558,0.035021330844281,0.5185512531944848,0.3934907931241933,0.10607695254730988,0.1218173045998236,-0.07137969315501082,0.3992529876644388,0.01923006157606694,0.06738246180602062,0.20654764561671707,0.1361982063649866,0.19276398267906725,0.2453974279194216,0.5677965014654118,0.3870641489438476,0.17267327182869957,0.2374134337661806,0.5555919227630799,0.157584545139256,0.12700075577521452,0.3035203420506886,0.4764037598671347,0.24390708555978108,1.0,0.2616880966994796,0.09369802862430882,0.053068246236152646,0.3990923360087084,0.12650203667218027,0.049559755423909106,0.050732843336969924,0.06260624994102748,0.2895199791897086,-0.10166265681744753,0.25025019379436353,0.06392500969366509,0.25669835337203273,0.037134131950779525,0.02118371656235412,0.12746839477253552,0.29527487251119633,0.40394132261027826,0.0953296882131434,0.35765309339969187,0.18728413125214186
LT,0.5015042880620968,0.6690916253301733,0.47500958146009475,-0.2336704280134384,0.509821860001796,0.6312403611200722,0.11396579757792835,-0.10737849786283282,0.6230696999056216,0.6086515908655923,0.5608900740733028,0.46905694504786094,0.6339411485144729,0.5764932065946778,0.5199505985168086,0.5238524733328261,0.5892439600603234,0.47040134063919176,0.32015027963676823,0.1626848313502765,0.5214250637910491,0.5541481821507612,0.16296362155622562,0.5941047597971146,-0.044319568138158454,0.39507410117285113,0.2878042603928931,0.559531744321331,0.2616880966994796,1.0,0.5732762730780988,0.6123384030727513,0.4913939131635302,0.5959497234289747,0.6174538662014021,0.5876887834303207,0.6060273890279224,0.47830389387825906,0.599938331414794,0.5658831798463015,0.5621290489310505,0.5733909360595922,0.6059517386467345,0.5998654938321605,0.41867317411183347,0.4804927743288706,0.28279193863083296,0.5574767243496099,0.5412249923460767,0.4821607074308456
M&M,0.3520961124668264,0.8876726205724587,0.6870291869869607,-0.2349555768988144,0.8708667940246979,0.9390056662266714,0.1382162382903762,-0.27098775396128355,0.9877451267303049,0.9792899409526373,0.8125316280834902,0.8097907539937036,0.868459840023307,0.8495935167798493,0.7259256130588221,0.9556897736724375,0.966853137263671,0.4617711285926239,0.5744734189961542,0.39675050764898534,0.9020310518731083,0.9085472854427121,0.38184749965442283,0.9582596295217041,-0.5863380584880623,0.6098824945274207,0.479759352366118,0.9326374749161938,0.09369802862430882,0.5732762730780988,1.0,0.7817996320925773,0.18431152058569897,0.9472214812387776,0.7750721226582857,0.958563025968987,0.5089213301514757,0.7347336067862489,0.9013945954891209,0.9047744671225034,0.8310614390667057,0.3747576566149955,0.6142032543241595,0.7536868602125569,0.6048426119785273,0.8362253844419071,-0.24026708954657283,0.9658908047539524,0.8615385112893842,0.6639996600515087
MARUTI,0.5869978429347055,0.8857626140387925,0.5088835973196183,-0.38225877284131643,0.6075656379614298,0.8687198672819503,-0.029358075024698692,-0.2881339625929071,0.7893519786423464,0.7831300666185541,0.8490295344308217,0.538129957171848,0.7581915475913206,0.8936084258395427,0.6358917572492597,0.7624926691748872,0.7696507196974599,0.28495225060218365,0.17043938960631222,0.06444726288891191,0.7639681220072811,0.7254639671568459,0.10793218888792022,0.7489670312511055,-0.3238769857518842,0.2765478263686861,0.12313602932795348,0.6728819631198685,0.053068246236152646,0.6123384030727513,0.7817996320925773,1.0,0.40998488087869395,0.7906096459544539,0.8843547544754566,0.8368849886776424,0.7855974808980066,0.5153021930513094,0.879059853358631,0.625770730270432,0.7136883476100341,0.6063909918060053,0.8940238788081496,0.9435133472126432,0.46802695187933585,0.4595975636942285,0.021680735490799623,0.7424167142409333,0.5203175159535666,0.418763263958134
NESTLEIND,0.516876345628003,0.3871590349354422,0.2044866995543788,-0.026124115880228123,0.2414154296008321,0.28744333533600797,0.050617645927670464,0.05383444097379278,0.17648078520550148,0.17459833994495563,0.30871585377310456,0.25970103569237785,0.3298181577782565,0.35195601152952743,0.3665874505031875,0.12101327605616485,0.22868685298362748,0.3304008686226844,0.18260946244715648,-0.08876443304739437,0.29444152704593834,0.1962004880848146,0.14213941689066148,0.20756323195761753,0.28733722567857395,0.17604470534928449,0.050083205455912765,0.17592388580285084,0.3990923360087084,0.4913939131635302,0.18431152058569897,0.40998488087869395,1.0,0.19344697546953793,0.3954509106031897,0.2566875524618988,0.5725294958544884,0.22559480277658459,0.2729297535049166,0.20258499815593672,0.23346819926492604,0.6768397882585474,0.5475097759801837,0.3776705222807167,0.280092369687835,0.13171294279514648,0.5987009710774363,0.18643314037826808,0.2618733893622515,0.33736651337120044
NTPC,0.3946080756224177,0.9135665638454971,0.7817652452161425,-0.19060542907937053,0.8085420311869546,0.9338617443856189,0.227735864679475,-0.3044713688807688,0.947023168438162,0.9511388329456802,0.8742078355638035,0.8041412230592054,0.877470557669698,0.885375125428205,0.8240611614480308,0.9032476546682092,0.9612387772035148,0.5706414674139406,0.5212467334844303,0.45743285873272577,0.8562619944143244,0.8595537607185239,0.3817788325126043,0.949053181740202,-0.5794258994019982,0.6832876491451231,0.5377124704362296,0.8933708131226026,0.12650203667218027,0.5959497234289747,0.9472214812387776,0.7906096459544539,0.19344697546953793,1.0,0.8609904718250512,0.9577384519887938,0.5671940258135031,0.8220012601729875,0.8938717883248869,0.9247105782558448,0.9051189509456731,0.4529191308329732,0.6710007633142133,0.7423523174966796,0.7087680872087673,0.8431500663777984,-0.1175816921696755,0.9579476437195673,0.8401290268058653,0.7060418981560589
ONGC,0.665842683554168,0.9291828607336261,0.7211741666609454,-0.39367485094677895,0.5963274458534157,0.8868154029861133,-0.019861103434970787,-0.4622177978303082,0.777785984957073,0.7980934580529413,0.9626371380020343,0.5909167311194382,0.8626055869829726,0.9553382986748186,0.8228323595520731,0.7166976103632703,0.8032623043207096,0.5722841085283078,0.1732850395618795,0.11563474127678874,0.7900026475012498,0.6921895366472965,0.09434372310954543,0.7885331329525748,-0.3576681168446512,0.541066693049128,0.21275042395787652,0.6640073458345324,0.049559755423909106,0.6174538662014021,0.7750721226582857,0.8843547544754566,0.3954509106031897,0.8609904718250512,1.0,0.8995945913261336,0.851855171734235,0.6704083795836204,0.8986997477431687,0.7353999802166657,0.8461444852498247,0.714724342087235,0.9136632995086186,0.8371662250737779,0.7068134988305154,0.6082768220078566,0.11420531215324928,0.8050161782537024,0.6170436127836857,0.6654946694449806
POWERGRID,0.49552934323391196,0.9420536088603725,0.737188075892799,-0.3329661773027918,0.8090387468829755,0.9616473834161466,0.050037904867410804,-0.41035039874680224,0.9496792476939758,0.9536508865860109,0.9221422603867601,0.7516250894435417,0.917265272639237,0.9337120472512326,0.8004809353269668,0.9050852319558135,0.9483687832704044,0.532846268385161,0.4328667636182735,0.28262474156605855,0.9105017753462208,0.8639941274215622,0.2577269420837976,0.9394172583658497,-0.5361950660426412,0.6269989047381261,0.3824658454343216,0.8655758622405136,0.050732843336969924,0.5876887834303207,0.958563025968987,0.8368849886776424,0.2566875524618988,0.9577384519887938,0.8995945913261336,1.0,0.6694140572174272,0.7329433176493071,0.9510733939044588,0.8836784218076299,0.8813343372730712,0.5187478258592002,0.7546260158473868,0.806198912243096,0.6868128639149447,0.7918621347431652,-0.13539466586720172,0.952213702907331,0.8072909359266205,0.7107003016823632
RELIANCE,0.8147589414594129,0.7920928828298599,0.490760995804923,-0.39956759734125935,0.3716843192741173,0.6702343661975102,-0.24697261775677842,-0.3945963490661888,0.5284949796655275,0.521985600404785,0.783573948142616,0.36218170821544027,0.6831110201489982,0.8179995648744383,0.6137767509520679,0.4400122474434718,0.5171059123552009,0.42016318916730216,-0.06400820265830753,-0.20042232756709114,0.6414364499959511,0.4501691515285533,-0.06304102718054391,0.48620781112474304,-0.01940715018540737,0.2998687258825475,-0.07709615500756216,0.3677782581382012,0.06260624994102748,0.6060273890279224,0.5089213301514757,0.7855974808980066,0.5725294958544884,0.5671940258135031,0.851855171734235,0.6694140572174272,1.0,0.38777797628309024,0.6972456140460156,0.4499687918822671,0.5747943470634829,0.8563615896682089,0.9504548177438645,0.7452022491383337,0.5096668183902713,0.31143841923476373,0.3255825532806564,0.5073550693300968,0.378481719284048,0.46857082812825396
SBILIFE,0.2228591915122941,0.7154518522375081,0.8546878110818547,0.10911890438890152,0.6236015396597051,0.7238307306141495,0.41054540973438686,-0.20943502264473518,0.7086257244137947,0.7521464280020331,0.6848549001762858,0.7881607441050512,0.7759974528639431,0.6641281526810745,0.9013874175025113,0.6378486374017035,0.8137927986641684,0.787655029570695,0.5797959096375696,0.7257555284741469,0.6803687682575279,0.5683120954802198,0.593694600222503,0.8133416349839829,-0.5647319899280407,0.8792097450699582,0.7395610002285821,0.6823597089621402,0.2895199791897086,0.47830389387825906,0.7347336067862489,0.5153021930513094,0.22559480277658459,0.8220012601729875,0.6704083795836204,0.7329433176493071,0.38777797628309024,1.0,0.624006086748728,0.8676469561830259,0.8700211565925058,0.4427293640138566,0.4737312742396332,0.39000526439731836,0.8580800618454806,0.874358774107937,0.04974816977133818,0.8223574415005758,0.8161699660116353,0.8273115878728059
SBIN,0.52919593206044,0.915735842819481,0.6559374666038386,-0.4905340173559037,0.7292166947267931,0.9549590261884798,-0.04137148770847312,-0.4901798690399841,0.8932419324163913,0.8907809524878592,0.9370959460808662,0.5978418483787644,0.8795805944003436,0.9074721624513967,0.7290784592624371,0.8523525091386658,0.8719854924765497,0.4574622885246858,0.29454662251595637,0.14244515479456615,0.8106846976019833,0.7915579215492612,0.06421714388333885,0.8778799974089988,-0.46346458659427275,0.4732150003522601,0.21052507700942227,0.7886866412413939,-0.10166265681744753,0.599938331414794,0.9013945954891209,0.879059853358631,0.2729297535049166,0.8938717883248869,0.8986997477431687,0.9510733939044588,0.6972456140460156,0.624006086748728,1.0,0.7723228788061824,0.844354562979807,0.4928454322934271,0.795327977171099,0.8695879732399047,0.6159843612896138,0.6376439289308353,-0.13373868779677883,0.8918493974204535,0.6538570757688399,0.6345479964304517
SHRIRAMFIN,0.3010451882108487,0.8257192377328877,0.8400196513065529,-0.0579230058986284,0.783349463814559,0.8671932346317736,0.2990796833520857,-0.17496675201928386,0.8904280096744905,0.9148180081507877,0.7465258134845673,0.8332762912031318,0.8438517599785174,0.7663629188938944,0.8476647763242778,0.8339794340215917,0.9422578560020819,0.6598616305229003,0.6661483974968668,0.5644987665107835,0.8251980655563109,0.7970896966826425,0.4983285517968531,0.9360771705612534,-0.5475493843692579,0.7907425110427723,0.6306629237045474,0.8824257493362533,0.25025019379436353,0.5658831798463015,0.9047744671225034,0.625770730270432,0.20258499815593672,0.9247105782558448,0.7353999802166657,0.8836784218076299,0.4499687918822671,0.8676469561830259,0.7723228788061824,1.0,0.870458494802959,0.38838365371138545,0.5350213807880061,0.5748886324187852,0.7316345410519436,0.9320995679420473,-0.10195610888206043,0.9398025087446888,0.9291445547314875,0.8021091899813616
SUNPHARMA,0.4069162603004577,0.8350721115733877,0.9023477145387231,-0.24376081299075247,0.610946213828802,0.9108750279874641,0.2232941068024724,-0.43204097635738437,0.8024626888609876,0.8631808194596111,0.8934745186116149,0.6737852804596237,0.9114746797042735,0.8089549871041828,0.8904497600037597,0.7312194796969146,0.8659988752793667,0.779989710718278,0.394833398975823,0.49357117044243703,0.7456689591502961,0.6758083564837545,0.26360188401581147,0.8864048452520363,-0.5486560933700488,0.7780588032572241,0.5035798420162758,0.7458153586827944,0.06392500969366509,0.5621290489310505,0.8310614390667057,0.7136883476100341,0.23346819926492604,0.9051189509456731,0.8461444852498247,0.8813343372730712,0.5747943470634829,0.8700211565925058,0.844354562979807,0.870458494802959,1.0,0.51216628361889,0.670126260606354,0.6230652182302735,0.8553256032034539,0.8114363099561166,0.04040520243489638,0.9189609526913062,0.7411306009815816,0.8242753570422595
TATACONSUM,0.7302342741062271,0.6361095358760265,0.49137723952860113,-0.14735530289330986,0.30426513797753235,0.5099927307381329,-0.11671447490085468,-0.29960542586525335,0.3861878523697118,0.4040857641480376,0.6253312642083014,0.423559318788186,0.5861272605725113,0.6676838772412655,0.6095893781465274,0.2897335926396519,0.41087026641397856,0.5564373653622928,0.008771135877860664,-0.06792545231217192,0.5433747700509339,0.3474447732298853,0.1468521473385752,0.3763848322794023,0.004056718906269263,0.4475845543154044,0.15354970412806954,0.2462177407575138,0.25669835337203273,0.5733909360595922,0.3747576566149955,0.6063909918060053,0.6768397882585474,0.4529191308329732,0.714724342087235,0.5187478258592002,0.8563615896682089,0.4427293640138566,0.4928454322934271,0.38838365371138545,0.51216628361889,1.0,0.8002033941495018,0.5255013813443394,0.5882470111925365,0.35258753595089276,0.5149497498962744,0.40917784067519736,0.38342981764279255,0.4991310010270842
TATAMOTORS,0.7389794668902635,0.8499729054321092,0.5104724124121129,-0.426867762642015,0.4461083663792914,0.7704095650027342,-0.1837679956450631,-0.40496538372486673,0.6236396970743807,0.6275646386976806,0.8532932134662584,0.4294905337696596,0.7448102744749757,0.8811091257246746,0.6855306300820797,0.5557503691518229,0.6306632025923631,0.40046305699395146,0.001101825441619213,-0.09349509957863175,0.6928794767439516,0.537234918588834,-0.009066314034427888,0.6044163645393011,-0.1464127952638088,0.3056531668816134,-0.018842321107536388,0.4707902105492757,0.037134131950779525,0.6059517386467345,0.6142032543241595,0.8940238788081496,0.5475097759801837,0.6710007633142133,0.9136632995086186,0.7546260158473868,0.9504548177438645,0.4737312742396332,0.795327977171099,0.5350213807880061,0.670126260606354,0.8002033941495018,1.0,0.8486169668198027,0.5548504578376816,0.36622836535399317,0.2180703741904958,0.6124591523297013,0.4301593339307416,0.4782364592417811
TATASTEEL,0.6174549198554489,0.8489281618675182,0.4045480214405315,-0.5067335098129139,0.6036880746930169,0.8285776425480085,-0.07926571390820314,-0.282660999460125,0.7667306906718152,0.7402960321060518,0.8050096605876494,0.47564939868835654,0.7039356823851101,0.8528514455512112,0.5388054373680335,0.7438037477575522,0.7271868938380838,0.19172533064786582,0.1498353824433047,-0.06908513657668149,0.7238256850422379,0.7447404776932941,-0.008221231637531393,0.709480577636457,-0.24928515353797065,0.1710654373707584,0.0004882307566774713,0.6711768691825238,0.02118371656235412,0.5998654938321605,0.7536868602125569,0.9435133472126432,0.3776705222807167,0.7423523174966796,0.8371662250737779,0.806198912243096,0.7452022491383337,0.39000526439731836,0.8695879732399047,0.5748886324187852,0.6230652182302735,0.5255013813443394,0.8486169668198027,1.0,0.3627509659461969,0.3881058078673571,-0.045138104441173,0.6830170165825058,0.47352443648777504,0.3702098337523754
TCS,0.3539301152755678,0.6531185663705347,0.8379137871732766,-0.05898595776745774,0.45456878361529435,0.6693035098854433,0.19240642581950532,-0.41761437198005463,0.5671453729390928,0.633881706633446,0.7410345300609361,0.5978760695474834,0.7708491654709895,0.6583774403344879,0.8919428297157433,0.48091373447327446,0.6744857568136864,0.870695721704791,0.33190905695638273,0.494295482501372,0.614940299045639,0.4263067662368691,0.3417526294625626,0.696704769470642,-0.472306589589835,0.8773653905674312,0.5316972238139984,0.5078443244102797,0.12746839477253552,0.41867317411183347,0.6048426119785273,0.46802695187933585,0.280092369687835,0.7087680872087673,0.7068134988305154,0.6868128639149447,0.5096668183902713,0.8580800618454806,0.6159843612896138,0.7316345410519436,0.8553256032034539,0.5882470111925365,0.5548504578376816,0.3627509659461969,1.0,0.7637223791779841,0.14933376966739928,0.7313968359351039,0.6640466488557982,0.8683009985757644
TECHM,0.16529568768083464,0.698463340282176,0.825433599954149,0.08761070003481371,0.765675430149529,0.7469286923848006,0.32435380503755745,-0.1693954986666566,0.8141311725183764,0.8558106614741492,0.6288483425079957,0.8734739331453949,0.7722063910838279,0.652011584790549,0.7995842675303079,0.7704960408681416,0.8803705139423769,0.7170739549197197,0.6919561429532974,0.6508170390130684,0.7890626455449453,0.7494591642622056,0.6094512534821724,0.8736170870905496,-0.622994120035209,0.8999163308492407,0.7730896878477762,0.826695522670487,0.29527487251119633,0.4804927743288706,0.8362253844419071,0.4595975636942285,0.13171294279514648,0.8431500663777984,0.6082768220078566,0.7918621347431652,0.31143841923476373,0.874358774107937,0.6376439289308353,0.9320995679420473,0.8114363099561166,0.35258753595089276,0.36622836535399317,0.3881058078673571,0.7637223791779841,1.0,-0.10157583233911863,0.8858105569855164,0.9383205841894161,0.8239371977509482
TITAN,0.3487826835151986,0.006259709012146756,0.15476180364810926,0.20010849436755487,-0.13933347315738814,-0.08171472016160243,0.3086755457114096,0.12984349382113058,-0.237495002462102,-0.19534912593135367,0.05020960684162246,-0.08790384329482007,0.026869926841822326,0.008094210865279162,0.11415157803321813,-0.26749049490861443,-0.17549529197517305,0.3787177710374407,-0.02567307653593652,-0.006537542882364225,-0.11131944746369778,-0.16648756178516147,-0.029849434396777792,-0.17788933350721017,0.5310883469843174,0.12477326214999014,0.036155742643241076,-0.17176686841503874,0.40394132261027826,0.28279193863083296,-0.24026708954657283,0.021680735490799623,0.5987009710774363,-0.1175816921696755,0.11420531215324928,-0.13539466586720172,0.3255825532806564,0.04974816977133818,-0.13373868779677883,-0.10195610888206043,0.04040520243489638,0.5149497498962744,0.2180703741904958,-0.045138104441173,0.14933376966739928,-0.10157583233911863,1.0,-0.15198693652368697,-0.0912958485973595,0.13748241448840118
TRENT,0.3326260836183922,0.8732682617524898,0.8033976012903096,-0.18590591536429094,0.8179466959497721,0.947151462188212,0.20222836207094247,-0.30900353137995895,0.9448210437802579,0.9721649822778154,0.8502414500343245,0.8030731004467685,0.8985420491814338,0.8428500405699885,0.8196528483142491,0.9079335708454047,0.9664363943703985,0.6138019208836633,0.5663482735048843,0.48214647771594077,0.8707143075662435,0.857417562390874,0.38261246617217876,0.9705917319797539,-0.6210557557371823,0.7243957331439768,0.5452736519403619,0.9077375955888831,0.0953296882131434,0.5574767243496099,0.9658908047539524,0.7424167142409333,0.18643314037826808,0.9579476437195673,0.8050161782537024,0.952213702907331,0.5073550693300968,0.8223574415005758,0.8918493974204535,0.9398025087446888,0.9189609526913062,0.40917784067519736,0.6124591523297013,0.6830170165825058,0.7313968359351039,0.8858105569855164,-0.15198693652368697,1.0,0.862709687077492,0.7685348937491167
ULTRACEMCO,0.2632761150596293,0.7522312939864875,0.7390259970030472,0.09088445367860461,0.8224956288456704,0.7541710375143533,0.2916613394119264,-0.07086801912203818,0.8496982008627371,0.8542273897452725,0.6154853235675891,0.9128725032708415,0.7733256165786805,0.6948337366245909,0.7726500103268846,0.8000991447869895,0.8912372228137858,0.6051443816304757,0.7585769143335784,0.5788643875936113,0.8413790395382581,0.8002210758427991,0.6591622026602069,0.8585446504510379,-0.5164922123303116,0.7954169631744704,0.7042690109161737,0.866647723940771,0.35765309339969187,0.5412249923460767,0.8615385112893842,0.5203175159535666,0.2618733893622515,0.8401290268058653,0.6170436127836857,0.8072909359266205,0.378481719284048,0.8161699660116353,0.6538570757688399,0.9291445547314875,0.7411306009815816,0.38342981764279255,0.4301593339307416,0.47352443648777504,0.6640466488557982,0.9383205841894161,-0.0912958485973595,0.862709687077492,1.0,0.755069175026264
WIPRO,0.3726865029119107,0.6712923800777447,0.8638831777439039,-0.11152644463616235,0.5384260077884682,0.7006442768546667,0.21660977606605347,-0.3156625769365436,0.6147110906537863,0.6716672102608661,0.7079520557543946,0.6391872270634242,0.8078141763773969,0.6364379917013334,0.8710740882485014,0.5079291250948931,0.7198040850813757,0.8925685861458652,0.4506227561202108,0.4279959184582534,0.6608030728140246,0.5029789676055764,0.3242221221692208,0.7495825007121393,-0.3979740555918016,0.8772769281153162,0.4904576603416153,0.6127070948631255,0.18728413125214186,0.4821607074308456,0.6639996600515087,0.418763263958134,0.33736651337120044,0.7060418981560589,0.6654946694449806,0.7107003016823632,0.46857082812825396,0.8273115878728059,0.6345479964304517,0.8021091899813616,0.8242753570422595,0.4991310010270842,0.4782364592417811,0.3702098337523754,0.8683009985757644,0.8239371977509482,0.13748241448840118,0.7685348937491167,0.755069175026264,1.0
