Ticker,month,first_price,last_price,monthly_return
ADANIENT,2023-10,7.96413833161888,7.96413833161888,0.0
ADANIENT,2023-11,7.96413833161888,7.96413833161888,0.0
ADANIENT,2023-12,7.96413833161888,7.96413833161888,0.0
ADANIENT,2024-01,7.978722266829922,8.052933036797567,0.00930108449521583
ADANIENT,2024-02,8.056585283810865,8.058093794087696,0.00018723941020806753
ADANIENT,2024-03,8.058093794087696,8.058093794087696,0.0
ADANIENT,2024-04,8.058093794087696,8.024763977928396,-0.004136191140360605
ADANIENT,2024-05,8.019810143346735,8.058093794087696,0.0047736355420734825
ADANIENT,2024-06,8.058093794087696,8.058093794087696,0.0
ADANIENT,2024-07,8.058093794087696,8.058093794087696,0.0
ADANIENT,2024-08,8.058093794087696,8.013127997693456,-0.005580202656269967
ADANIENT,2024-09,8.02064844214249,8.050974390662358,0.003780984634674705
ADANIENT,2024-10,8.058093794087696,7.98896705297008,-0.008578547592525645
ADANIENT,2024-11,7.9897299264972235,7.96413833161888,-0.0032030613191906727
ADANIPORTS,2023-10,7.051552366630921,7.051552366630921,0.0
ADANIPORTS,2023-11,7.051552366630921,7.051552366630921,0.0
ADANIPORTS,2023-12,7.051552366630921,7.051552366630921,0.0
ADANIPORTS,2024-01,7.051552366630921,7.09725931325211,0.006481827581325381
ADANIPORTS,2024-02,7.106483179348558,7.186522734044344,0.011262892302113718
ADANIPORTS,2024-03,7.187732747048365,7.202549500039699,0.0020613945332648015
ADANIPORTS,2024-04,7.227589874450326,7.189846753120674,-0.005222089518813946
ADANIPORTS,2024-05,7.200275628074167,7.271286663717356,0.00986226629523923
ADANIPORTS,2024-06,7.271512507171094,7.271512507171094,0.0
ADANIPORTS,2024-07,7.271512507171094,7.271512507171094,0.0
ADANIPORTS,2024-08,7.271512507171094,7.271512507171094,0.0
ADANIPORTS,2024-09,7.271512507171094,7.271512507171094,0.0
ADANIPORTS,2024-10,7.271512507171094,7.227626187248776,-0.006035377079945522
ADANIPORTS,2024-11,7.240936391505136,7.051552366630921,-0.026154631754036005
APOLLOHOSP,2023-10,8.666651366311513,8.666651366311513,0.0
APOLLOHOSP,2023-11,8.666651366311513,8.666651366311513,0.0
APOLLOHOSP,2023-12,8.666651366311513,8.666651366311513,0.0
APOLLOHOSP,2024-01,8.666651366311513,8.75683194573964,0.010405469842558973
APOLLOHOSP,2024-02,8.74654940412233,8.716470188859606,-0.0034389807766417257
APOLLOHOSP,2024-03,8.713812052911017,8.757437684543143,0.005006492149156768
APOLLOHOSP,2024-04,8.773113662244384,8.690827119812626,-0.00937940001688147
APOLLOHOSP,2024-05,8.69275025385317,8.672520321811215,-0.002327218826169319
APOLLOHOSP,2024-06,8.674572937905982,8.730157105588601,0.006407712296674433
APOLLOHOSP,2024-07,8.72282429097915,8.797291580294596,0.008537061716634382
APOLLOHOSP,2024-08,8.810966673504335,8.812882490890086,0.0002174355501209224
APOLLOHOSP,2024-09,8.812882490890086,8.812882490890086,0.0
APOLLOHOSP,2024-10,8.812882490890086,8.812882490890086,0.0
APOLLOHOSP,2024-11,8.812882490890086,8.812882490890086,0.0
ASIANPAINT,2023-10,8.05538387101199,8.005266962206214,-0.006221541966004448
ASIANPAINT,2023-11,7.984650108232628,8.045876700744959,0.007668037006305663
ASIANPAINT,2023-12,8.05538387101199,8.05538387101199,0.0
ASIANPAINT,2024-01,8.05538387101199,7.992555958313664,-0.007799493320786115
ASIANPAINT,2024-02,7.982877148801975,7.969872129440606,-0.001629114305400632
ASIANPAINT,2024-03,7.969872129440606,7.969872129440606,0.0
ASIANPAINT,2024-04,7.969872129440606,7.969872129440606,0.0
ASIANPAINT,2024-05,7.998469795523106,7.969872129440606,-0.003575392145445927
ASIANPAINT,2024-06,7.969872129440606,7.978670863959917,0.0011039994590136995
ASIANPAINT,2024-07,7.982348061806026,8.034452792800783,0.006527494239955288
ASIANPAINT,2024-08,8.039270287325955,8.048085161002115,0.0010964768394535458
ASIANPAINT,2024-09,8.05538387101199,8.05538387101199,0.0
ASIANPAINT,2024-10,8.05538387101199,7.985024754877111,-0.008734421259311157
ASIANPAINT,2024-11,7.986453934193111,7.969872129440606,-0.0020762412065650176
AXISBANK,2023-10,6.970025604708262,6.970025604708262,0.0
AXISBANK,2023-11,6.970025604708262,6.980308471663846,0.0014752983043043344
AXISBANK,2023-12,7.008188676303408,7.006060967766261,-0.00030360320411197054
AXISBANK,2024-01,7.001882941706835,6.97424502025097,-0.003947212726342509
AXISBANK,2024-02,6.989565654179703,6.981098673206347,-0.0012113744104103237
AXISBANK,2024-03,7.003292705691201,6.970025604708262,-0.004750208563452509
AXISBANK,2024-04,6.970025604708262,7.062105938812062,0.013210903277256185
AXISBANK,2024-05,7.048256078769703,7.058887120986053,0.0015083223562735917
AXISBANK,2024-06,7.068033411743965,7.068033411743965,0.0
AXISBANK,2024-07,7.068033411743965,7.062277318418308,-0.0008143840005188995
AXISBANK,2024-08,7.067575570429578,7.068033411743965,6.47805332712059e-05
AXISBANK,2024-09,7.068033411743965,7.068033411743965,0.0
AXISBANK,2024-10,7.068033411743965,7.056649309663573,-0.00161064633077093
AXISBANK,2024-11,7.065229002806327,7.041761558829871,-0.003321540457801778
BAJAJ-AUTO,2023-10,8.867386926582633,8.867386926582633,0.0
BAJAJ-AUTO,2023-11,8.867386926582633,8.867386926582633,0.0
BAJAJ-AUTO,2023-12,8.867386926582633,8.867386926582633,0.0
BAJAJ-AUTO,2024-01,8.867386926582633,8.944882828249535,0.008739429361606502
BAJAJ-AUTO,2024-02,8.943342890717235,8.975927307570405,0.0036434269882452647
BAJAJ-AUTO,2024-03,8.992314950660889,9.121416257779586,0.014356848912326938
BAJAJ-AUTO,2024-04,9.109762844018592,9.094328891189418,-0.0016942211442208311
BAJAJ-AUTO,2024-05,9.11730909350256,9.114462531082784,-0.00031221519316519127
BAJAJ-AUTO,2024-06,9.141681373318923,9.15932598605847,0.00193012773241526
BAJAJ-AUTO,2024-07,9.162556701122377,9.1762870846513,0.001498531902917574
BAJAJ-AUTO,2024-08,9.182059151797816,9.182059151797816,0.0
BAJAJ-AUTO,2024-09,9.182059151797816,9.182059151797816,0.0
BAJAJ-AUTO,2024-10,9.182059151797816,9.182059151797816,0.0
BAJAJ-AUTO,2024-11,9.182059151797816,9.157219092051175,-0.0027052820436009846
BAJAJFINSV,2023-10,7.368568355501921,7.368568355501921,0.0
BAJAJFINSV,2023-11,7.368568355501921,7.423269892234259,0.007423631578513349
BAJAJFINSV,2023-12,7.430677443695361,7.430588521872405,-1.1966852770746874e-05
BAJAJFINSV,2024-01,7.425000254550311,7.395291804770174,-0.004001137880356376
BAJAJFINSV,2024-02,7.392185591388596,7.3745036155072,-0.0023919821361080224
BAJAJFINSV,2024-03,7.386718649599344,7.405404473631496,0.002529651516260875
BAJAJFINSV,2024-04,7.4067107301776405,7.38770923908104,-0.002565442581574179
BAJAJFINSV,2024-05,7.387987665663297,7.368568355501921,-0.00262849791312318
BAJAJFINSV,2024-06,7.368568355501921,7.370954561074489,0.00032383571101523163
BAJAJFINSV,2024-07,7.368568355501921,7.410135339164598,0.005641120724847464
BAJAJFINSV,2024-08,7.399887260300874,7.434249969248585,0.0046436800641627375
BAJAJFINSV,2024-09,7.434249969248585,7.434249969248585,0.0
BAJAJFINSV,2024-10,7.434249969248585,7.434249969248585,0.0
BAJAJFINSV,2024-11,7.434249969248585,7.378914490285664,-0.0074433169710211204
BAJFINANCE,2023-10,8.901992900077925,8.901992900077925,0.0
BAJFINANCE,2023-11,8.901992900077925,8.871070224851307,-0.0034736800594782975
BAJFINANCE,2023-12,8.890183316023199,8.899560248278425,0.0010547512826113521
BAJFINANCE,2024-01,8.895636476428095,8.834031072297105,-0.006925350905945162
BAJFINANCE,2024-02,8.816486343441374,8.816486343441374,0.0
BAJFINANCE,2024-03,8.816486343441374,8.888239372653942,0.008138506250389088
BAJFINANCE,2024-04,8.889025677201221,8.842828346994663,-0.005197119671399571
BAJFINANCE,2024-05,8.836911577067472,8.816486343441374,-0.0023113543060793653
BAJFINANCE,2024-06,8.841672369378598,8.870178336411664,0.0032240469723568256
BAJFINANCE,2024-07,8.892577027485947,8.825846325925419,-0.007504090361463441
BAJFINANCE,2024-08,8.82064772210822,8.881996014472133,0.0069550779372073625
BAJFINANCE,2024-09,8.901992900077925,8.901992900077925,0.0
BAJFINANCE,2024-10,8.901992900077925,8.837935211494342,-0.007195881787663786
BAJFINANCE,2024-11,8.842835567654415,8.816486343441374,-0.002979725678652414
BEL,2023-10,5.218055857421709,5.218055857421709,0.0
BEL,2023-11,5.218055857421709,5.218055857421709,0.0
BEL,2023-12,5.218055857421709,5.221436322212079,0.0006478399010546441
BEL,2024-01,5.225477820371079,5.230573714461517,0.0009752015539271973
BEL,2024-02,5.218055857421709,5.328361487896413,0.021139219948712266
BEL,2024-03,5.330784556685538,5.310739886546594,-0.003760172621083526
BEL,2024-04,5.357057861570636,5.458521118088372,0.018940108384042687
BEL,2024-05,5.462771921513567,5.674782671768465,0.03881010470526047
BEL,2024-06,5.674782671768465,5.674782671768465,0.0
BEL,2024-07,5.674782671768465,5.674782671768465,0.0
BEL,2024-08,5.674782671768465,5.674782671768465,0.0
BEL,2024-09,5.674782671768465,5.656341400056065,-0.003249687746483043
BEL,2024-10,5.652313726281008,5.655642099328266,0.0005888514347287801
BEL,2024-11,5.668673297542633,5.6413750145275845,-0.004815638789217675
BHARTIARTL,2023-10,6.988429907722262,6.988429907722262,0.0
BHARTIARTL,2023-11,6.988429907722262,6.988429907722262,0.0
BHARTIARTL,2023-12,6.988429907722262,6.988429907722262,0.0
BHARTIARTL,2024-01,6.988429907722262,7.06621096467411,0.011129975971555479
BHARTIARTL,2024-02,7.049428437298283,7.024960369882842,-0.003470929258034771
BHARTIARTL,2024-03,7.0297073897328834,7.114444192224386,0.012054100945263213
BHARTIARTL,2024-04,7.105252763312762,7.187883895779004,0.011629583804942148
BHARTIARTL,2024-05,7.17399663319907,7.225299505717831,0.007151226177239465
BHARTIARTL,2024-06,7.238568677394522,7.275899202024019,0.005157169364998542
BHARTIARTL,2024-07,7.282761179605593,7.298570634140027,0.002170805020863012
BHARTIARTL,2024-08,7.298570634140027,7.298570634140027,0.0
BHARTIARTL,2024-09,7.298570634140027,7.298570634140027,0.0
BHARTIARTL,2024-10,7.298570634140027,7.298570634140027,0.0
BHARTIARTL,2024-11,7.298570634140027,7.298570634140027,0.0
BPCL,2023-10,5.468197140847181,5.468197140847181,0.0
BPCL,2023-11,5.468197140847181,5.468197140847181,0.0
BPCL,2023-12,5.468197140847181,5.468197140847181,0.0
BPCL,2024-01,5.468197140847181,5.53014311824508,0.011328409675497177
BPCL,2024-02,5.542165099420538,5.713501755717111,0.030915112275252666
BPCL,2024-03,5.745084354013307,5.711089049838639,-0.005917285470476998
BPCL,2024-04,5.708272379929054,5.719262045504587,0.0019252174465560982
BPCL,2024-05,5.7630885805536085,5.752255128106979,-0.0018797997454324557
BPCL,2024-06,5.779623952671777,5.720147828742466,-0.010290656350023776
BPCL,2024-07,5.722113431340925,5.779623952671777,0.010050573449987504
BPCL,2024-08,5.779623952671777,5.779623952671777,0.0
BPCL,2024-09,5.779623952671777,5.779623952671777,0.0
BPCL,2024-10,5.779623952671777,5.742201584560146,-0.006474879407047203
BPCL,2024-11,5.749392985908253,5.65895943104788,-0.015729235257013245
BRITANNIA,2023-10,8.491864965317099,8.491864965317099,0.0
BRITANNIA,2023-11,8.491864965317099,8.491864965317099,0.0
BRITANNIA,2023-12,8.51152716978961,8.58287793039508,0.008382838846913149
BRITANNIA,2024-01,8.57937894697021,8.556298513296817,-0.0026902219631579627
BRITANNIA,2024-02,8.546674320738406,8.510410239119405,-0.00424306347218662
BRITANNIA,2024-03,8.502830540580401,8.499487364297305,-0.00039318392471074316
BRITANNIA,2024-04,8.496214673031039,8.491864965317099,-0.0005119583110049302
BRITANNIA,2024-05,8.491864965317099,8.552714763483316,0.007165657769493819
BRITANNIA,2024-06,8.550395832243955,8.608230619640867,0.006763989472722895
BRITANNIA,2024-07,8.608404071469621,8.65204526315836,0.005069603067701758
BRITANNIA,2024-08,8.65204526315836,8.65204526315836,0.0
BRITANNIA,2024-09,8.65204526315836,8.65204526315836,0.0
BRITANNIA,2024-10,8.65204526315836,8.65204526315836,0.0
BRITANNIA,2024-11,8.647177048972594,8.491864965317099,-0.017961015806187128
CIPLA,2023-10,7.179963702312837,7.179963702312837,0.0
CIPLA,2023-11,7.179963702312837,7.179963702312837,0.0
CIPLA,2023-12,7.179963702312837,7.179963702312837,0.0
CIPLA,2024-01,7.179963702312837,7.20934025660291,0.00409146278561404
CIPLA,2024-02,7.236087331160477,7.30070911315323,0.008930486744469598
CIPLA,2024-03,7.294309362198541,7.311852785682996,0.0024050835539511164
CIPLA,2024-04,7.312987026530511,7.244941546337007,-0.009304745098910275
CIPLA,2024-05,7.259151313966459,7.27807668495472,0.0026071051793408453
CIPLA,2024-06,7.281626515499123,7.301012843982557,0.0026623623777146293
CIPLA,2024-07,7.299864932043143,7.335299612181424,0.004854155586186098
CIPLA,2024-08,7.335299612181424,7.335299612181424,0.0
CIPLA,2024-09,7.335299612181424,7.335299612181424,0.0
CIPLA,2024-10,7.335299612181424,7.335299612181424,0.0
CIPLA,2024-11,7.335299612181424,7.304852137419785,-0.004150815422873214
COALINDIA,2023-10,5.953242701254846,5.953242701254846,0.0
COALINDIA,2023-11,5.953242701254846,5.953242701254846,0.0
COALINDIA,2023-12,5.953242701254846,5.953242701254846,0.0
COALINDIA,2024-01,5.953242701254846,6.009181667913141,0.009396386047977516
COALINDIA,2024-02,6.0105316098252075,6.081533744196849,0.01181295415792791
COALINDIA,2024-03,6.103341285993605,6.075575889726634,-0.00454921246673341
COALINDIA,2024-04,6.093682630493311,6.120956542340736,0.004475768349166106
COALINDIA,2024-05,6.120077614575958,6.193971575710002,0.012074023531671066
COALINDIA,2024-06,6.193971575710002,6.161523727329737,-0.005238617578987778
COALINDIA,2024-07,6.164997597868857,6.193971575710002,0.004699754927911162
COALINDIA,2024-08,6.193971575710002,6.193971575710002,0.0
COALINDIA,2024-09,6.193971575710002,6.193971575710002,0.0
COALINDIA,2024-10,6.193971575710002,6.11600249466807,-0.012587897779139285
COALINDIA,2024-11,6.120627034951298,6.028398994901044,-0.015068397326547309
DRREDDY,2023-10,7.054389198193055,7.054389198193055,0.0
DRREDDY,2023-11,7.054389198193055,7.054993551646821,8.56705572639318e-05
DRREDDY,2023-12,7.054389198193055,7.056675159142062,0.00032404803375347865
DRREDDY,2024-01,7.060759587691326,7.1108838604570845,0.007098991566450992
DRREDDY,2024-02,7.089768454898263,7.159175257248003,0.009789713555706717
DRREDDY,2024-03,7.122632760279261,7.116864812532475,-0.0008098055790483172
DRREDDY,2024-04,7.131754464137287,7.124365534722818,-0.001036060544656243
DRREDDY,2024-05,7.1376758145753705,7.055632033118036,-0.011494467329238731
DRREDDY,2024-06,7.054389198193055,7.155763135463777,0.014370335180356717
DRREDDY,2024-07,7.148141320491303,7.183527332847944,0.004950379514070495
DRREDDY,2024-08,7.183527332847944,7.183527332847944,0.0
DRREDDY,2024-09,7.183527332847944,7.183527332847944,0.0
DRREDDY,2024-10,7.183527332847944,7.150858308035951,-0.004547769264078369
DRREDDY,2024-11,7.13934307707901,7.102869657574844,-0.0051087920989908815
EICHERMOT,2023-10,8.258898382802949,8.258898382802949,0.0
EICHERMOT,2023-11,8.258898382802949,8.2681932255568,0.0011254337228806964
EICHERMOT,2023-12,8.266729829447065,8.32953743303158,0.007597635931053052
EICHERMOT,2024-01,8.303839066921727,8.258898382802949,-0.00541203698152086
EICHERMOT,2024-02,8.277462836497628,8.258898382802949,-0.0022427710110426357
EICHERMOT,2024-03,8.258898382802949,8.299111805694292,0.004869102515545789
EICHERMOT,2024-04,8.28087574414124,8.433463695884706,0.018426547681436166
EICHERMOT,2024-05,8.434550439889593,8.462620842590516,0.0033280259453034116
EICHERMOT,2024-06,8.449310417828265,8.44975981756619,5.318774144881617e-05
EICHERMOT,2024-07,8.441725834178683,8.476930933759988,0.004170367561425271
EICHERMOT,2024-08,8.476930933759988,8.476930933759988,0.0
EICHERMOT,2024-09,8.476930933759988,8.476930933759988,0.0
EICHERMOT,2024-10,8.476930933759988,8.476930933759988,0.0
EICHERMOT,2024-11,8.476930933759988,8.476930933759988,0.0
GRASIM,2023-10,7.642080255751456,7.642080255751456,0.0
GRASIM,2023-11,7.642080255751456,7.642080255751456,0.0
GRASIM,2023-12,7.642080255751456,7.662632352674018,0.00268933277782503
GRASIM,2024-01,7.659114762290419,7.685243607975833,0.0034114707112183774
GRASIM,2024-02,7.663689447640847,7.692752113171961,0.0037922551180699098
GRASIM,2024-03,7.721304285394378,7.7355644627854785,0.0018468612120460981
GRASIM,2024-04,7.737856114540819,7.788481007446086,0.006542496029376122
GRASIM,2024-05,7.799076860032748,7.748136416755942,-0.006531599084226919
GRASIM,2024-06,7.77056084238264,7.887649428594231,0.015068228482680404
GRASIM,2024-07,7.887649428594231,7.887649428594231,0.0
GRASIM,2024-08,7.887649428594231,7.887649428594231,0.0
GRASIM,2024-09,7.887649428594231,7.887649428594231,0.0
GRASIM,2024-10,7.887649428594231,7.887649428594231,0.0
GRASIM,2024-11,7.887649428594231,7.863132099563494,-0.003108318803046347
HCLTECH,2023-10,7.218359523289331,7.218359523289331,0.0
HCLTECH,2023-11,7.218359523289331,7.218359523289331,0.0
HCLTECH,2023-12,7.218359523289331,7.291042942145598,0.010069243381652115
HCLTECH,2024-01,7.3030016868959695,7.3632795869630385,0.008253852682962918
HCLTECH,2024-02,7.364166954708406,7.417490308266098,0.007240921326966799
HCLTECH,2024-03,7.405556451625374,7.342487884770869,-0.008516384591283847
HCLTECH,2024-04,7.35096565333256,7.220812657765146,-0.01770556437145224
HCLTECH,2024-05,7.218359523289331,7.218359523289331,0.0
HCLTECH,2024-06,7.218359523289331,7.28660258918601,0.009454096277207943
HCLTECH,2024-07,7.292915633749937,7.404644237009254,0.015320155733361722
HCLTECH,2024-08,7.403396196422925,7.419770173714105,0.002211684591335465
HCLTECH,2024-09,7.419770173714105,7.419770173714105,0.0
HCLTECH,2024-10,7.419770173714105,7.419770173714105,0.0
HCLTECH,2024-11,7.419770173714105,7.419770173714105,0.0
HDFCBANK,2023-10,7.3192355927450885,7.304532748092307,-0.002008795107969321
HDFCBANK,2023-11,7.304532748092307,7.352312886896398,0.006541162926070652
HDFCBANK,2023-12,7.350130741110399,7.4140757123206145,0.00869984133106118
HDFCBANK,2024-01,7.4140757123206145,7.304532748092307,-0.014774999403670799
HDFCBANK,2024-02,7.304532748092307,7.304532748092307,0.0
HDFCBANK,2024-03,7.304532748092307,7.304532748092307,0.0
HDFCBANK,2024-04,7.304532748092307,7.327189036317697,0.003101675220951926
HDFCBANK,2024-05,7.3351449445060934,7.334688293705542,-6.225518432230046e-05
HDFCBANK,2024-06,7.360867040557655,7.4140757123206145,0.007228587538639818
HDFCBANK,2024-07,7.4140757123206145,7.388173240326702,-0.0034936886267385053
HDFCBANK,2024-08,7.402329562162078,7.401170212488334,-0.0001566195700972039
HDFCBANK,2024-09,7.395076833560133,7.4140757123206145,0.002569125269160279
HDFCBANK,2024-10,7.4140757123206145,7.4140757123206145,0.0
HDFCBANK,2024-11,7.4140757123206145,7.4140757123206145,0.0
HDFCLIFE,2023-10,6.452916086256173,6.428670541000209,-0.0037573005648722526
HDFCLIFE,2023-11,6.431411593990203,6.539224618667035,0.016763508772720686
HDFCLIFE,2023-12,6.526714454784496,6.4734276261888715,-0.008164418554662264
HDFCLIFE,2024-01,6.476510717886486,6.390177713281668,-0.013330172428555965
HDFCLIFE,2024-02,6.390177713281668,6.390177713281668,0.0
HDFCLIFE,2024-03,6.390177713281668,6.452600852586607,0.009768607714179159
HDFCLIFE,2024-04,6.454805404302229,6.390177713281668,-0.010012337626396306
HDFCLIFE,2024-05,6.390177713281668,6.390177713281668,0.0
HDFCLIFE,2024-06,6.390177713281668,6.3903245561640105,2.2979467697332205e-05
HDFCLIFE,2024-07,6.399842076663181,6.548129533633724,0.023170486895492073
HDFCLIFE,2024-08,6.548129533633724,6.548129533633724,0.0
HDFCLIFE,2024-09,6.548129533633724,6.548129533633724,0.0
HDFCLIFE,2024-10,6.548129533633724,6.548129533633724,0.0
HDFCLIFE,2024-11,6.548129533633724,6.5355315046537745,-0.001923912609737073
HEROMOTOCO,2023-10,8.365828180997559,8.365828180997559,0.0
HEROMOTOCO,2023-11,8.365828180997559,8.365828180997559,0.0
HEROMOTOCO,2023-12,8.365828180997559,8.365828180997559,0.0
HEROMOTOCO,2024-01,8.365828180997559,8.438701779860432,0.0087108648762834
HEROMOTOCO,2024-02,8.43113408814276,8.395590369656988,-0.004215769564827601
HEROMOTOCO,2024-03,8.41363105769979,8.460262986828694,0.005542426190203303
HEROMOTOCO,2024-04,8.451427250640618,8.421573963861576,-0.0035323367158818695
HEROMOTOCO,2024-05,8.425625997890746,8.541026898667635,0.013696418616940513
HEROMOTOCO,2024-06,8.54900188793089,8.594237482076336,0.0052913304662275595
HEROMOTOCO,2024-07,8.594237482076336,8.594237482076336,0.0
HEROMOTOCO,2024-08,8.589113772974525,8.594237482076336,0.0005965352465038834
HEROMOTOCO,2024-09,8.594237482076336,8.594237482076336,0.0
HEROMOTOCO,2024-10,8.594237482076336,8.51530140311262,-0.009184768180811948
HEROMOTOCO,2024-11,8.521483972833394,8.475349842157426,-0.005413861109525571
HINDALCO,2023-10,6.275889718983606,6.275889718983606,0.0
HINDALCO,2023-11,6.275889718983606,6.275889718983606,0.0
HINDALCO,2023-12,6.275889718983606,6.423003427387493,0.02344109201901529
HINDALCO,2024-01,6.4157514094567345,6.363631369814632,-0.008123762333633777
HINDALCO,2024-02,6.349575958832676,6.275889718983606,-0.011604907213775035
HINDALCO,2024-03,6.275889718983606,6.330166439056464,0.008648450260156615
HINDALCO,2024-04,6.344934360097766,6.4698702796178615,0.01969065595158818
HINDALCO,2024-05,6.46528899272949,6.524809619731899,0.00920618197722372
HINDALCO,2024-06,6.524809619731899,6.524809619731899,0.0
HINDALCO,2024-07,6.524809619731899,6.508172834032128,-0.0025497733526905135
HINDALCO,2024-08,6.51397167564781,6.524809619731899,0.0016637996945252057
HINDALCO,2024-09,6.524809619731899,6.524809619731899,0.0
HINDALCO,2024-10,6.524809619731899,6.524809619731899,0.0
HINDALCO,2024-11,6.524809619731899,6.4817302569086115,-0.006602393837363428
HINDUNILVR,2023-10,7.81193294297249,7.818027938530729,0.0007802160621107766
HINDUNILVR,2023-11,7.813288354203332,7.842494780924753,0.0037380454166534003
HINDUNILVR,2023-12,7.849577296052701,7.878542512489934,0.0036900351884934612
HINDUNILVR,2024-01,7.878542512489934,7.817041536703409,-0.007806136184329385
HINDUNILVR,2024-02,7.813834045779875,7.788750384461568,-0.0032101604886085942
HINDUNILVR,2024-03,7.787672440741933,7.785736464591085,-0.00024859496410254464
HINDUNILVR,2024-04,7.785736464591085,7.785736464591085,0.0
HINDUNILVR,2024-05,7.785736464591085,7.785736464591085,0.0
HINDUNILVR,2024-06,7.785736464591085,7.813611762934144,0.0035803033495718896
HINDUNILVR,2024-07,7.82648303888971,7.878542512489934,0.006651707202525286
HINDUNILVR,2024-08,7.878542512489934,7.878542512489934,0.0
HINDUNILVR,2024-09,7.878542512489934,7.878542512489934,0.0
HINDUNILVR,2024-10,7.878542512489934,7.835678095086,-0.005440653183755868
HINDUNILVR,2024-11,7.839328634387449,7.802311518710286,-0.004721975235836753
ICICIBANK,2023-10,6.918621031375066,6.918621031375066,0.0
ICICIBANK,2023-11,6.918621031375066,6.918621031375066,0.0
ICICIBANK,2023-12,6.918621031375066,6.918621031375066,0.0
ICICIBANK,2024-01,6.918621031375066,6.936488497805009,0.002582518445354461
ICICIBANK,2024-02,6.933569213875117,6.959588427622155,0.0037526435439584668
ICICIBANK,2024-03,6.992004511427037,6.997870168424397,0.0008389092123400935
ICICIBANK,2024-04,7.00365619335934,7.048733872241709,0.006436306642966047
ICICIBANK,2024-05,7.039178200342556,7.022912648369585,-0.0023107174601970787
ICICIBANK,2024-06,7.057036981697891,7.090576710817743,0.0047526644974138004
ICICIBANK,2024-07,7.10072824095123,7.103239822302372,0.00035370757278918645
ICICIBANK,2024-08,7.0992843165270045,7.11005301392964,0.0015168708453564004
ICICIBANK,2024-09,7.11005301392964,7.11005301392964,0.0
ICICIBANK,2024-10,7.11005301392964,7.11005301392964,0.0
ICICIBANK,2024-11,7.11005301392964,7.11005301392964,0.0
INDUSINDBK,2023-10,7.269895262351928,7.273994340589464,0.0005638428188593197
INDUSINDBK,2023-11,7.267944042220666,7.291042942145598,0.003178189016143591
INDUSINDBK,2023-12,7.287594839451328,7.318531254359031,0.004245078875711982
INDUSINDBK,2024-01,7.318531254359031,7.318531254359031,0.0
INDUSINDBK,2024-02,7.318531254359031,7.2970232521877305,-0.002938841336298159
INDUSINDBK,2024-03,7.318531254359031,7.318531254359031,0.0
INDUSINDBK,2024-04,7.318531254359031,7.318531254359031,0.0
INDUSINDBK,2024-05,7.317345201667251,7.288141866713764,-0.003990974068960568
INDUSINDBK,2024-06,7.318531254359031,7.289951760150947,-0.0039050860363630383
INDUSINDBK,2024-07,7.2847523231107765,7.264590210122234,-0.0027677142741803404
INDUSINDBK,2024-08,7.2590105630601425,7.2628039011762855,0.0005225695820648981
INDUSINDBK,2024-09,7.279353317578724,7.278352851761226,-0.00013743883197451048
INDUSINDBK,2024-10,7.255926613427199,7.255926613427199,0.0
INDUSINDBK,2024-11,7.255926613427199,7.255926613427199,0.0
INFY,2023-10,7.290233169899929,7.290233169899929,0.0
INFY,2023-11,7.290233169899929,7.290233169899929,0.0
INFY,2023-12,7.290233169899929,7.342066961647881,0.007110032085388483
INFY,2024-01,7.347525190782291,7.415716805133478,0.00928089561866832
INFY,2024-02,7.413397492055973,7.423508740984425,0.0013639156593568953
INFY,2024-03,7.4119791591135655,7.312586853116693,-0.013409685033269713
INFY,2024-04,7.310850915441567,7.290233169899929,-0.0028201567478404227
INFY,2024-05,7.290233169899929,7.290233169899929,0.0
INFY,2024-06,7.290233169899929,7.35739674942313,0.009212816374722727
INFY,2024-07,7.372620730371749,7.503776060426009,0.017789512691730017
INFY,2024-08,7.503776060426009,7.503776060426009,0.0
INFY,2024-09,7.503776060426009,7.503776060426009,0.0
INFY,2024-10,7.503776060426009,7.4720742751881275,-0.004224777629635447
INFY,2024-11,7.474119672338831,7.503776060426009,0.0039678770727922166
ITC,2023-10,6.08847782127798,6.066108009329833,-0.003674122269111229
ITC,2023-11,6.066108009329833,6.079475424430695,0.002203622995222516
ITC,2023-12,6.1110237821656215,6.137943013486706,0.00440502807396125
ITC,2024-01,6.15070937257196,6.092553452414886,-0.00945515657371338
ITC,2024-02,6.095599311839989,6.066108009329833,-0.004838130100328811
ITC,2024-03,6.066108009329833,6.066108009329833,0.0
ITC,2024-04,6.066108009329833,6.079131958859742,0.0021470025772502236
ITC,2024-05,6.0867747269123065,6.066108009329833,-0.00339534786643197
ITC,2024-06,6.066919825522588,6.066108009329833,-0.00013381027211529126
ITC,2024-07,6.066108009329833,6.178514293364526,0.01853021473765547
ITC,2024-08,6.178514293364526,6.178514293364526,0.0
ITC,2024-09,6.178514293364526,6.178514293364526,0.0
ITC,2024-10,6.178514293364526,6.178514293364526,0.0
ITC,2024-11,6.178514293364526,6.164682289652466,-0.0022387265053211477
JSWSTEEL,2023-10,6.7086943479170085,6.7086943479170085,0.0
JSWSTEEL,2023-11,6.7086943479170085,6.7086943479170085,0.0
JSWSTEEL,2023-12,6.7086943479170085,6.781341354126479,0.010828784625137445
JSWSTEEL,2024-01,6.778329731541679,6.708877419872465,-0.010246227967640882
JSWSTEEL,2024-02,6.7086943479170085,6.7086943479170085,0.0
JSWSTEEL,2024-03,6.730062990571844,6.722870439785018,-0.0010687196831445315
JSWSTEEL,2024-04,6.7718782804307835,6.783551675522831,0.0017238046238634602
JSWSTEEL,2024-05,6.7927371673978705,6.781681721726769,-0.0016275391493377454
JSWSTEEL,2024-06,6.820343821971168,6.837869151517971,0.0025695668729114225
JSWSTEEL,2024-07,6.840011519581259,6.8343778091773615,-0.0008236404847813503
JSWSTEEL,2024-08,6.840011519581259,6.840011519581259,0.0
JSWSTEEL,2024-09,6.840011519581259,6.840011519581259,0.0
JSWSTEEL,2024-10,6.840011519581259,6.840011519581259,0.0
JSWSTEEL,2024-11,6.840011519581259,6.840011519581259,0.0
KOTAKBANK,2023-10,7.460281604694214,7.461870250846525,0.0002129472098360892
KOTAKBANK,2023-11,7.460281604694214,7.471050005601893,0.0014434308888425058
KOTAKBANK,2023-12,7.468227842637542,7.506591688400171,0.005136940994703275
KOTAKBANK,2024-01,7.506591688400171,7.506591688400171,0.0
KOTAKBANK,2024-02,7.506591688400171,7.460281604694214,-0.00616925571927926
KOTAKBANK,2024-03,7.460281604694214,7.4880136774634645,0.003717295705272132
KOTAKBANK,2024-04,7.490920168805852,7.460281604694214,-0.0040900935293937575
KOTAKBANK,2024-05,7.460281604694214,7.460281604694214,0.0
KOTAKBANK,2024-06,7.460281604694214,7.497484500343593,0.0049867950863906
KOTAKBANK,2024-07,7.5005847630272156,7.500474204707589,-1.4739960032361893e-05
KOTAKBANK,2024-08,7.492007928824971,7.4853793682865435,-0.0008847508707144303
KOTAKBANK,2024-09,7.485070644016961,7.506591688400171,0.002875195894164647
KOTAKBANK,2024-10,7.506591688400171,7.460281604694214,-0.00616925571927926
KOTAKBANK,2024-11,7.464739034729211,7.474460165489695,0.001302273356812229
LT,2023-10,8.130993713348708,8.130993713348708,0.0
LT,2023-11,8.130993713348708,8.130993713348708,0.0
LT,2023-12,8.130993713348708,8.168202930236053,0.0045762201028710335
LT,2024-01,8.168046978183902,8.155003066789394,-0.0015969437283290709
LT,2024-02,8.131236549696116,8.154370819272177,0.0028451108800821036
LT,2024-03,8.19790347396806,8.19790347396806,0.0
LT,2024-04,8.19790347396806,8.187382715908502,-0.0012833473939972459
LT,2024-05,8.188828003688922,8.19790347396806,0.001108274624286801
LT,2024-06,8.19790347396806,8.17454794088917,-0.0028489641471205413
LT,2024-07,8.16835885797095,8.19790347396806,0.0036169586217772855
LT,2024-08,8.19790347396806,8.19790347396806,0.0
LT,2024-09,8.19790347396806,8.19790347396806,0.0
LT,2024-10,8.19790347396806,8.195140491772813,-0.0003370352193119012
LT,2024-11,8.196257633110818,8.189938343844632,-0.0007709969048138868
M&M,2023-10,7.413178823417978,7.413178823417978,0.0
M&M,2023-11,7.413178823417978,7.413178823417978,0.0
M&M,2023-12,7.413178823417978,7.456107874638849,0.005790909978491237
M&M,2024-01,7.440909748231191,7.413178823417978,-0.0037268191325402957
M&M,2024-02,7.413178823417978,7.567035390030505,0.02075446583407649
M&M,2024-03,7.587791890391987,7.5613036749287925,-0.0034908990449164885
M&M,2024-04,7.5584906602850435,7.676635895627521,0.015630797291746837
M&M,2024-05,7.689897284863588,7.826941813968317,0.01782137316378477
M&M,2024-06,7.876638460975463,7.93710232685184,0.00767635409139868
M&M,2024-07,7.93710232685184,7.93710232685184,0.0
M&M,2024-08,7.93710232685184,7.93710232685184,0.0
M&M,2024-09,7.9294865233142895,7.93710232685184,0.0009604409459753351
M&M,2024-10,7.93710232685184,7.911892039427362,-0.0031762583353864564
M&M,2024-11,7.93710232685184,7.93710232685184,0.0
MARUTI,2023-10,9.268382749053979,9.268382749053979,0.0
MARUTI,2023-11,9.268382749053979,9.269523955996213,0.00012312902618863048
MARUTI,2023-12,9.268382749053979,9.268382749053979,0.0
MARUTI,2024-01,9.268382749053979,9.268382749053979,0.0
MARUTI,2024-02,9.272281773516365,9.331615082412798,0.0063989976087548625
MARUTI,2024-03,9.360650830440287,9.434322570734487,0.007870365173180483
MARUTI,2024-04,9.434322570734487,9.434322570734487,0.0
MARUTI,2024-05,9.434322570734487,9.425475944848856,-0.000937706530522278
MARUTI,2024-06,9.431654250459458,9.395561886491807,-0.003826726787179723
MARUTI,2024-07,9.40175793439537,9.434322570734487,0.003463675258004976
MARUTI,2024-08,9.434322570734487,9.42577428022034,-0.0009060841888811605
MARUTI,2024-09,9.427739455382833,9.434322570734487,0.000698270819087579
MARUTI,2024-10,9.434322570734487,9.312666789409656,-0.012895020327395897
MARUTI,2024-11,9.315690887584008,9.311506101809128,-0.00044921904616411647
NESTLEIND,2023-10,7.799023541826077,7.799023541826077,0.0
NESTLEIND,2023-11,7.799023541826077,7.799023541826077,0.0
NESTLEIND,2023-12,7.799023541826077,7.844441593487328,0.005823556169265871
NESTLEIND,2024-01,7.844441593487328,7.826842098158293,-0.0022435625428898404
NESTLEIND,2024-02,7.811487481608896,7.844441593487328,0.004218673070400235
NESTLEIND,2024-03,7.844441593487328,7.844441593487328,0.0
NESTLEIND,2024-04,7.844441593487328,7.827400378668866,-0.002172393613410357
NESTLEIND,2024-05,7.829351909646474,7.799023541826077,-0.0038736753910664007
NESTLEIND,2024-06,7.799023541826077,7.844441593487328,0.005823556169265871
NESTLEIND,2024-07,7.844441593487328,7.8068388125185715,-0.00479355738972877
NESTLEIND,2024-08,7.818027938530729,7.824745765970565,0.0008592739105890622
NESTLEIND,2024-09,7.82839653359355,7.844441593487328,0.0020495972355162105
NESTLEIND,2024-10,7.844441593487328,7.799023541826077,-0.005789838718278983
NESTLEIND,2024-11,7.799023541826077,7.799023541826077,0.0
NTPC,2023-10,5.748875276521619,5.748875276521619,0.0
NTPC,2023-11,5.748875276521619,5.748875276521619,0.0
NTPC,2023-12,5.748875276521619,5.748875276521619,0.0
NTPC,2024-01,5.748875276521619,5.763622475012218,0.002565231942120297
NTPC,2024-02,5.777652323222656,5.8188952817567055,0.007138359358917697
NTPC,2024-03,5.842094090453713,5.819489282368171,-0.0038692988739225066
NTPC,2024-04,5.838750335066686,5.897703167293508,0.01009682360842869
NTPC,2024-05,5.913638131643475,5.886104031450156,-0.004656033998087656
NTPC,2024-06,5.973300576480311,5.938459261784084,-0.005832841366365046
NTPC,2024-07,5.915527981018042,5.979201684511569,0.0107638242432198
NTPC,2024-08,5.979201684511569,5.979201684511569,0.0
NTPC,2024-09,5.979201684511569,5.979201684511569,0.0
NTPC,2024-10,5.979201684511569,5.979201684511569,0.0
NTPC,2024-11,5.979201684511569,5.903862086371859,-0.012600277113058141
ONGC,2023-10,5.4348460806824725,5.4348460806824725,0.0
ONGC,2023-11,5.4348460806824725,5.4348460806824725,0.0
ONGC,2023-12,5.4348460806824725,5.4348460806824725,0.0
ONGC,2024-01,5.4348460806824725,5.5343771431287925,0.018313501609565633
ONGC,2024-02,5.516046285160748,5.5819914176022785,0.011955144868696295
ONGC,2024-03,5.604146284480854,5.594897235935429,-0.0016503938469696587
ONGC,2024-04,5.6017497490910495,5.648445929616735,0.00833599903909717
ONGC,2024-05,5.648269764725942,5.581049709273904,-0.01190099946568326
ONGC,2024-06,5.652839995918626,5.617498106059188,-0.0062520591216016245
ONGC,2024-07,5.612945607984424,5.653846385656082,0.007286865137883401
ONGC,2024-08,5.653846385656082,5.653846385656082,0.0
ONGC,2024-09,5.653846385656082,5.653846385656082,0.0
ONGC,2024-10,5.653846385656082,5.58781029840378,-0.011679851688195252
ONGC,2024-11,5.60855562471318,5.507767590730244,-0.017970408199007637
POWERGRID,2023-10,5.482408044570833,5.482408044570833,0.0
POWERGRID,2023-11,5.482408044570833,5.482408044570833,0.0
POWERGRID,2023-12,5.482408044570833,5.482408044570833,0.0
POWERGRID,2024-01,5.482408044570833,5.561834812000519,0.014487569473845005
POWERGRID,2024-02,5.586499314041468,5.648445929616735,0.011088628511877986
POWERGRID,2024-03,5.665388086668889,5.627261336748458,-0.006729768435483888
POWERGRID,2024-04,5.638888334738211,5.713237633426957,0.013185098600147617
POWERGRID,2024-05,5.751301990624177,5.739792912179234,-0.0020011257387814794
POWERGRID,2024-06,5.80558667411125,5.8049843551651685,-0.00010374816188132532
POWERGRID,2024-07,5.8009091853869235,5.80558667411125,0.000806337174888015
POWERGRID,2024-08,5.80558667411125,5.80558667411125,0.0
POWERGRID,2024-09,5.80558667411125,5.80558667411125,0.0
POWERGRID,2024-10,5.80558667411125,5.773930234558283,-0.005452754618948721
POWERGRID,2024-11,5.777807110004175,5.80558667411125,0.004807977071262149
RELIANCE,2023-10,7.165970560212708,7.165970560212708,0.0
RELIANCE,2023-11,7.165970560212708,7.165970560212708,0.0
RELIANCE,2023-12,7.165970560212708,7.165970560212708,0.0
RELIANCE,2024-01,7.16713818052362,7.263771005684926,0.013482762956057052
RELIANCE,2024-02,7.263785014818881,7.287423832046291,0.003254338775057987
RELIANCE,2024-03,7.298927037602898,7.298927037602898,0.0
RELIANCE,2024-04,7.298927037602898,7.291656209174461,-0.0009961503096248164
RELIANCE,2024-05,7.291349622672085,7.266408265304497,-0.0034206777425724003
RELIANCE,2024-06,7.298927037602898,7.298927037602898,0.0
RELIANCE,2024-07,7.298927037602898,7.298927037602898,0.0
RELIANCE,2024-08,7.298927037602898,7.298927037602898,0.0
RELIANCE,2024-09,7.298927037602898,7.298160893330512,-0.00010496669831587385
RELIANCE,2024-10,7.290176913921688,7.195224828852594,-0.013024661292892476
RELIANCE,2024-11,7.200163664798005,7.165970560212708,-0.00474893435443266
SBILIFE,2023-10,7.264196426176463,7.264196426176463,0.0
SBILIFE,2023-11,7.264196426176463,7.269790829162965,0.0007701337709347849
SBILIFE,2023-12,7.264196426176463,7.267944042220666,0.0005159023551040593
SBILIFE,2024-01,7.267595209064026,7.264196426176463,-0.00046766265728774516
SBILIFE,2024-02,7.268048668443581,7.348297913702997,0.011041374228524749
SBILIFE,2024-03,7.34158106085926,7.314053373394193,-0.003749558472060966
SBILIFE,2024-04,7.3071687796618665,7.2706955546753,-0.0049914304823617354
SBILIFE,2024-05,7.28749223851757,7.264196426176463,-0.0031966843433436296
SBILIFE,2024-06,7.264196426176463,7.308509307360183,0.006100176617476698
SBILIFE,2024-07,7.315118584373382,7.392431838063339,0.010568967925566436
SBILIFE,2024-08,7.392431838063339,7.392431838063339,0.0
SBILIFE,2024-09,7.392431838063339,7.392431838063339,0.0
SBILIFE,2024-10,7.392431838063339,7.392123984685767,-4.164439853018723e-05
SBILIFE,2024-11,7.392431838063339,7.303944162309905,-0.011970036070919824
SBIN,2023-10,6.463653250790071,6.463653250790071,0.0
SBIN,2023-11,6.463653250790071,6.463653250790071,0.0
SBIN,2023-12,6.463653250790071,6.466222481712096,0.0003974889775702052
SBIN,2024-01,6.465133326477619,6.463809184055691,-0.00020481285614094808
SBIN,2024-02,6.474893280017022,6.618872485953837,0.022236537300339337
SBIN,2024-03,6.646585301070466,6.6245299272472975,-0.0033183014772437615
SBIN,2024-04,6.632396956219188,6.7104012770985735,0.011761105584345448
SBIN,2024-05,6.7104012770985735,6.7104012770985735,0.0
SBIN,2024-06,6.7104012770985735,6.7104012770985735,0.0
SBIN,2024-07,6.7104012770985735,6.7104012770985735,0.0
SBIN,2024-08,6.7104012770985735,6.7051493788854755,-0.0007826503954423452
SBIN,2024-09,6.7104012770985735,6.670639570101044,-0.005925384392916874
SBIN,2024-10,6.682045938845196,6.7104012770985735,0.004243511420437508
SBIN,2024-11,6.7104012770985735,6.705700292497793,-0.0007005519352208944
SHRIRAMFIN,2023-10,7.724385839738104,7.724385839738104,0.0
SHRIRAMFIN,2023-11,7.724385839738104,7.724385839738104,0.0
SHRIRAMFIN,2023-12,7.724385839738104,7.724385839738104,0.0
SHRIRAMFIN,2024-01,7.724385839738104,7.811082344464434,0.01122374082872968
SHRIRAMFIN,2024-02,7.782473734945333,7.799589370422301,0.002199253869642337
SHRIRAMFIN,2024-03,7.804434965207177,7.7667558236287295,-0.004827914095821695
SHRIRAMFIN,2024-04,7.796777583702099,7.844906901523621,0.006172975604963883
SHRIRAMFIN,2024-05,7.8567455070193075,7.76431723764764,-0.011764192856837562
SHRIRAMFIN,2024-06,7.82809779129639,7.976767097873956,0.018991753877022687
SHRIRAMFIN,2024-07,7.981135226099068,7.98193357058283,0.00010002893838352404
SHRIRAMFIN,2024-08,7.98193357058283,7.98193357058283,0.0
SHRIRAMFIN,2024-09,7.98193357058283,7.98193357058283,0.0
SHRIRAMFIN,2024-10,7.98193357058283,7.98193357058283,0.0
SHRIRAMFIN,2024-11,7.98193357058283,7.955442626464956,-0.0033188630152855593
SUNPHARMA,2023-10,7.1896487162363805,7.1896487162363805,0.0
SUNPHARMA,2023-11,7.1896487162363805,7.1896487162363805,0.0
SUNPHARMA,2023-12,7.1896487162363805,7.1896487162363805,0.0
SUNPHARMA,2024-01,7.1896487162363805,7.258024751622352,0.009510344397154993
SUNPHARMA,2024-02,7.250600025108634,7.364515348143129,0.015711158061403177
SUNPHARMA,2024-03,7.352601343814152,7.391137760917971,0.005241194959691369
SUNPHARMA,2024-04,7.396488656273312,7.31528492113918,-0.010978687172765279
SUNPHARMA,2024-05,7.326465613840322,7.286739509840704,-0.005422273998607542
SUNPHARMA,2024-06,7.282108045397675,7.327681979031305,0.006258343511180527
SUNPHARMA,2024-07,7.327189036317697,7.450283037478641,0.016799621321467305
SUNPHARMA,2024-08,7.447867823373021,7.459763537040364,0.001597197204549155
SUNPHARMA,2024-09,7.459763537040364,7.459763537040364,0.0
SUNPHARMA,2024-10,7.459763537040364,7.459763537040364,0.0
SUNPHARMA,2024-11,7.459763537040364,7.459763537040364,0.0
TATACONSUM,2023-10,6.903631775419635,6.903631775419635,0.0
TATACONSUM,2023-11,6.903631775419635,6.903631775419635,0.0
TATACONSUM,2023-12,6.903631775419635,6.979573488772607,0.01100025549209648
TATACONSUM,2024-01,6.973393195563009,7.007844927996149,0.004940454591756056
TATACONSUM,2024-02,7.018204823538297,7.052157992521558,0.004837870913853266
TATACONSUM,2024-03,7.052157992521558,6.988173300831881,-0.00907306554355831
TATACONSUM,2024-04,6.979666554449121,6.999185213087984,0.0027965030258388446
TATACONSUM,2024-05,6.9835582423976374,6.95485830645078,-0.004109643673137599
TATACONSUM,2024-06,6.963208907167104,6.989316832624943,0.0037494100501518053
TATACONSUM,2024-07,6.986668117824987,7.052157992521558,0.009373548820715736
TATACONSUM,2024-08,7.052157992521558,7.052157992521558,0.0
TATACONSUM,2024-09,7.052157992521558,7.052157992521558,0.0
TATACONSUM,2024-10,7.052157992521558,6.911298992605502,-0.019973886016936802
TATACONSUM,2024-11,6.912842318030695,6.903631775419635,-0.0013323814123513012
TATAMOTORS,2023-10,6.674387747313425,6.674387747313425,0.0
TATAMOTORS,2023-11,6.674387747313425,6.674387747313425,0.0
TATAMOTORS,2023-12,6.674387747313425,6.674387747313425,0.0
TATAMOTORS,2024-01,6.674387747313425,6.785813608176895,0.01669454414126915
TATAMOTORS,2024-02,6.779353564177613,6.857724345376572,0.011560214474293512
TATAMOTORS,2024-03,6.885918584372963,6.90153597916822,0.0022680190890871127
TATAMOTORS,2024-04,6.900982394694708,6.902202384268123,0.00017678491316728553
TATAMOTORS,2024-05,6.902202384268123,6.828712071641684,-0.010647371452616653
TATAMOTORS,2024-06,6.857987136748016,6.898462232070544,0.0059018914027478345
TATAMOTORS,2024-07,6.902202384268123,6.902202384268123,0.0
TATAMOTORS,2024-08,6.902202384268123,6.902202384268123,0.0
TATAMOTORS,2024-09,6.902202384268123,6.883103915541008,-0.0027670108269565777
TATAMOTORS,2024-10,6.873370852120306,6.727491603297627,-0.021223829175124262
TATAMOTORS,2024-11,6.738685527863931,6.674561391814426,-0.009515822601359924
TATASTEEL,2023-10,4.914032600066501,4.914032600066501,0.0
TATASTEEL,2023-11,4.914032600066501,4.914032600066501,0.0
TATASTEEL,2023-12,4.914032600066501,4.9459189793765646,0.006488841630727465
TATASTEEL,2024-01,4.947695494322382,4.919615895709087,-0.005675288353035675
TATASTEEL,2024-02,4.914032600066501,4.95477016125486,0.008290046994765078
TATASTEEL,2024-03,5.016948656152848,5.055289934636687,0.0076423501836753475
TATASTEEL,2024-04,5.100780643947601,5.102454504517917,0.0003281577247007969
TATASTEEL,2024-05,5.102454504517917,5.102454504517917,0.0
TATASTEEL,2024-06,5.102454504517917,5.102454504517917,0.0
TATASTEEL,2024-07,5.102454504517917,5.102454504517917,0.0
TATASTEEL,2024-08,5.1002322145746035,5.035392945221982,-0.012713003374107988
TATASTEEL,2024-09,5.0361730778840945,5.102454504517917,0.013161070044413586
TATASTEEL,2024-10,5.102454504517917,5.007697650108913,-0.018570837687058802
TATASTEEL,2024-11,5.015622835607295,4.968284353555726,-0.009438206101842471
TCS,2023-10,8.2432529316075,8.2432529316075,0.0
TCS,2023-11,8.2432529316075,8.2432529316075,0.0
TCS,2023-12,8.2432529316075,8.2432529316075,0.0
TCS,2024-01,8.245935497378598,8.247206953366796,0.0001541918425873746
TCS,2024-02,8.257165195746273,8.317790580483825,0.007342154758970244
TCS,2024-03,8.31760746272028,8.262894314094371,-0.006577991191714088
TCS,2024-04,8.273272788403325,8.248437545515388,-0.0030018643798072823
TCS,2024-05,8.259535832070151,8.2432529316075,-0.0019714062380391012
TCS,2024-06,8.2432529316075,8.270051473827987,0.00325096687470691
TCS,2024-07,8.28883607304914,8.331035281303969,0.005091089735992951
TCS,2024-08,8.331035281303969,8.331035281303969,0.0
TCS,2024-09,8.331035281303969,8.331035281303969,0.0
TCS,2024-10,8.331035281303969,8.286382825040995,-0.005359772795966882
TCS,2024-11,8.290342778170702,8.331035281303969,0.004908422271804487
TECHM,2023-10,7.130298647821304,7.130298647821304,0.0
TECHM,2023-11,7.130298647821304,7.130298647821304,0.0
TECHM,2023-12,7.130298647821304,7.149642073113482,0.002712849243430911
TECHM,2024-01,7.168695452990913,7.196424364176544,0.0038680554038688546
TECHM,2024-02,7.180450609125595,7.1505838036127445,-0.004159461172937087
TECHM,2024-03,7.148974477023577,7.130298647821304,-0.002612378777165338
TECHM,2024-04,7.130298647821304,7.14243206611002,0.0017016704191518655
TECHM,2024-05,7.1451172675339025,7.130298647821304,-0.002073950525617214
TECHM,2024-06,7.130298647821304,7.266373333857458,0.019084009346190874
TECHM,2024-07,7.295124302820892,7.340056913148519,0.006159265896299016
TECHM,2024-08,7.340056913148519,7.340056913148519,0.0
TECHM,2024-09,7.340056913148519,7.340056913148519,0.0
TECHM,2024-10,7.340056913148519,7.340056913148519,0.0
TECHM,2024-11,7.340056913148519,7.340056913148519,0.0
TITAN,2023-10,8.10453729142249,8.10453729142249,0.0
TITAN,2023-11,8.10453729142249,8.158115362861194,0.006610873577620351
TITAN,2023-12,8.157800271410457,8.204299281943078,0.0056999447137213765
TITAN,2024-01,8.204299281943078,8.204299281943078,0.0
TITAN,2024-02,8.196560838824434,8.195719906028819,-0.00010259580965127734
TITAN,2024-03,8.204299281943078,8.204299281943078,0.0
TITAN,2024-04,8.204299281943078,8.185977116940728,-0.0022332394727084736
TITAN,2024-05,8.180166801280324,8.10453729142249,-0.009245472824098924
TITAN,2024-06,8.10453729142249,8.133058954009902,0.0035192215868508894
TITAN,2024-07,8.141029570893643,8.149009417080302,0.0009802011056671786
TITAN,2024-08,8.151722535509618,8.179241861475608,0.003375890904788951
TITAN,2024-09,8.185503500171414,8.204299281943078,0.0022962279316439964
TITAN,2024-10,8.204299281943078,8.10453729142249,-0.012159721030674059
TITAN,2024-11,8.10453729142249,8.104612829822472,9.320507422583976e-06
TRENT,2023-10,8.039102514504076,8.039102514504076,0.0
TRENT,2023-11,8.039102514504076,8.039102514504076,0.0
TRENT,2023-12,8.039102514504076,8.039102514504076,0.0
TRENT,2024-01,8.039102514504076,8.039102514504076,0.0
TRENT,2024-02,8.040382446237524,8.26431182183807,0.027850587593048315
TRENT,2024-03,8.269308588838523,8.28121766128665,0.0014401533477902877
TRENT,2024-04,8.265598723928013,8.39183402925172,0.015272372823794305
TRENT,2024-05,8.444127752558856,8.425110796704255,-0.0022520923903405665
TRENT,2024-06,8.44745718673134,8.60901547740288,0.01912507954764231
TRENT,2024-07,8.6155260709845,8.672486075822272,0.006611320581990199
TRENT,2024-08,8.660739269258785,8.745482154187332,0.009784717250332295
TRENT,2024-09,8.745482154187332,8.745482154187332,0.0
TRENT,2024-10,8.745482154187332,8.745482154187332,0.0
TRENT,2024-11,8.745482154187332,8.745482154187332,0.0
ULTRACEMCO,2023-10,9.176714969856965,9.176714969856965,0.0
ULTRACEMCO,2023-11,9.176714969856965,9.176714969856965,0.0
ULTRACEMCO,2023-12,9.176714969856965,9.259511415982631,0.009022449362068048
ULTRACEMCO,2024-01,9.2557916348801,9.227030316761347,-0.003107386083581212
ULTRACEMCO,2024-02,9.202640806249741,9.199623147134977,-0.00032791230020789286
ULTRACEMCO,2024-03,9.223898049908248,9.185037948488935,-0.004212980370018298
ULTRACEMCO,2024-04,9.20587039650473,9.20762167967911,0.0001902354800742547
ULTRACEMCO,2024-05,9.208784161708877,9.201955315441742,-0.0007415578590201055
ULTRACEMCO,2024-06,9.256369585369175,9.330165757490981,0.007972474677161792
ULTRACEMCO,2024-07,9.330165757490981,9.330165757490981,0.0
ULTRACEMCO,2024-08,9.330165757490981,9.330165757490981,0.0
ULTRACEMCO,2024-09,9.330165757490981,9.330165757490981,0.0
ULTRACEMCO,2024-10,9.330165757490981,9.31169136021124,-0.0019800717114707533
ULTRACEMCO,2024-11,9.318907740181475,9.330165757490981,0.0012080833530483314
WIPRO,2023-10,6.117381041657689,6.117381041657689,0.0
WIPRO,2023-11,6.117381041657689,6.117381041657689,0.0
WIPRO,2023-12,6.117381041657689,6.157614376902071,0.006576888863126921
WIPRO,2024-01,6.169924490795552,6.172013700789771,0.00033861192261523915
WIPRO,2024-02,6.157720236215144,6.253059284796445,0.015482848347118345
WIPRO,2024-03,6.254021100779027,6.176075148705408,-0.012463333720429804
WIPRO,2024-04,6.18610573794948,6.138590611998276,-0.007680943062404526
WIPRO,2024-05,6.12774216540053,6.117381041657689,-0.0016908550430440857
WIPRO,2024-06,6.117381041657689,6.245816025546385,0.0209950930004342
WIPRO,2024-07,6.26975894288704,6.259581464064923,-0.0016232647721907943
WIPRO,2024-08,6.2587206730405125,6.271767833435058,0.002084636953163071
WIPRO,2024-09,6.271767833435058,6.271767833435058,0.0
WIPRO,2024-10,6.271767833435058,6.271767833435058,0.0
WIPRO,2024-11,6.271767833435058,6.271767833435058,0.0
